--
-- PostgreSQL database dump
--

-- Dumped from database version 12.2
-- Dumped by pg_dump version 12.2

SET statement_timeout = 0;
SET lock_timeout = 0;
SET idle_in_transaction_session_timeout = 0;
SET client_encoding = 'UTF8';
SET standard_conforming_strings = on;
SELECT pg_catalog.set_config('search_path', '', false);
SET check_function_bodies = false;
SET xmloption = content;
SET client_min_messages = warning;
SET row_security = off;

SET default_tablespace = '';

SET default_table_access_method = heap;

--
-- Name: accounts_customuser; Type: TABLE; Schema: public; Owner: cotripperuser
--

CREATE TABLE public.accounts_customuser (
    id integer NOT NULL,
    password character varying(128) NOT NULL,
    last_login timestamp with time zone,
    is_superuser boolean NOT NULL,
    first_name character varying(30) NOT NULL,
    last_name character varying(150) NOT NULL,
    is_staff boolean NOT NULL,
    is_active boolean NOT NULL,
    date_joined timestamp with time zone NOT NULL,
    email character varying(254) NOT NULL
);


ALTER TABLE public.accounts_customuser OWNER TO cotripperuser;

--
-- Name: accounts_customuser_groups; Type: TABLE; Schema: public; Owner: cotripperuser
--

CREATE TABLE public.accounts_customuser_groups (
    id integer NOT NULL,
    customuser_id integer NOT NULL,
    group_id integer NOT NULL
);


ALTER TABLE public.accounts_customuser_groups OWNER TO cotripperuser;

--
-- Name: accounts_customuser_groups_id_seq; Type: SEQUENCE; Schema: public; Owner: cotripperuser
--

CREATE SEQUENCE public.accounts_customuser_groups_id_seq
    AS integer
    START WITH 1
    INCREMENT BY 1
    NO MINVALUE
    NO MAXVALUE
    CACHE 1;


ALTER TABLE public.accounts_customuser_groups_id_seq OWNER TO cotripperuser;

--
-- Name: accounts_customuser_groups_id_seq; Type: SEQUENCE OWNED BY; Schema: public; Owner: cotripperuser
--

ALTER SEQUENCE public.accounts_customuser_groups_id_seq OWNED BY public.accounts_customuser_groups.id;


--
-- Name: accounts_customuser_id_seq; Type: SEQUENCE; Schema: public; Owner: cotripperuser
--

CREATE SEQUENCE public.accounts_customuser_id_seq
    AS integer
    START WITH 1
    INCREMENT BY 1
    NO MINVALUE
    NO MAXVALUE
    CACHE 1;


ALTER TABLE public.accounts_customuser_id_seq OWNER TO cotripperuser;

--
-- Name: accounts_customuser_id_seq; Type: SEQUENCE OWNED BY; Schema: public; Owner: cotripperuser
--

ALTER SEQUENCE public.accounts_customuser_id_seq OWNED BY public.accounts_customuser.id;


--
-- Name: accounts_customuser_user_permissions; Type: TABLE; Schema: public; Owner: cotripperuser
--

CREATE TABLE public.accounts_customuser_user_permissions (
    id integer NOT NULL,
    customuser_id integer NOT NULL,
    permission_id integer NOT NULL
);


ALTER TABLE public.accounts_customuser_user_permissions OWNER TO cotripperuser;

--
-- Name: accounts_customuser_user_permissions_id_seq; Type: SEQUENCE; Schema: public; Owner: cotripperuser
--

CREATE SEQUENCE public.accounts_customuser_user_permissions_id_seq
    AS integer
    START WITH 1
    INCREMENT BY 1
    NO MINVALUE
    NO MAXVALUE
    CACHE 1;


ALTER TABLE public.accounts_customuser_user_permissions_id_seq OWNER TO cotripperuser;

--
-- Name: accounts_customuser_user_permissions_id_seq; Type: SEQUENCE OWNED BY; Schema: public; Owner: cotripperuser
--

ALTER SEQUENCE public.accounts_customuser_user_permissions_id_seq OWNED BY public.accounts_customuser_user_permissions.id;


--
-- Name: accounts_profile; Type: TABLE; Schema: public; Owner: cotripperuser
--

CREATE TABLE public.accounts_profile (
    user_id integer NOT NULL,
    image character varying(150) NOT NULL,
    first_name character varying(200),
    last_name character varying(200),
    age integer,
    dream_destination character varying(200) NOT NULL,
    bio text NOT NULL,
    city_of_residence_id integer
);


ALTER TABLE public.accounts_profile OWNER TO cotripperuser;

--
-- Name: accounts_profile_activities; Type: TABLE; Schema: public; Owner: cotripperuser
--

CREATE TABLE public.accounts_profile_activities (
    id integer NOT NULL,
    profile_id integer NOT NULL,
    activity_id integer NOT NULL
);


ALTER TABLE public.accounts_profile_activities OWNER TO cotripperuser;

--
-- Name: accounts_profile_activities_id_seq; Type: SEQUENCE; Schema: public; Owner: cotripperuser
--

CREATE SEQUENCE public.accounts_profile_activities_id_seq
    AS integer
    START WITH 1
    INCREMENT BY 1
    NO MINVALUE
    NO MAXVALUE
    CACHE 1;


ALTER TABLE public.accounts_profile_activities_id_seq OWNER TO cotripperuser;

--
-- Name: accounts_profile_activities_id_seq; Type: SEQUENCE OWNED BY; Schema: public; Owner: cotripperuser
--

ALTER SEQUENCE public.accounts_profile_activities_id_seq OWNED BY public.accounts_profile_activities.id;


--
-- Name: accounts_profile_connections; Type: TABLE; Schema: public; Owner: cotripperuser
--

CREATE TABLE public.accounts_profile_connections (
    id integer NOT NULL,
    from_profile_id integer NOT NULL,
    to_profile_id integer NOT NULL
);


ALTER TABLE public.accounts_profile_connections OWNER TO cotripperuser;

--
-- Name: accounts_profile_connections_id_seq; Type: SEQUENCE; Schema: public; Owner: cotripperuser
--

CREATE SEQUENCE public.accounts_profile_connections_id_seq
    AS integer
    START WITH 1
    INCREMENT BY 1
    NO MINVALUE
    NO MAXVALUE
    CACHE 1;


ALTER TABLE public.accounts_profile_connections_id_seq OWNER TO cotripperuser;

--
-- Name: accounts_profile_connections_id_seq; Type: SEQUENCE OWNED BY; Schema: public; Owner: cotripperuser
--

ALTER SEQUENCE public.accounts_profile_connections_id_seq OWNED BY public.accounts_profile_connections.id;


--
-- Name: accounts_profile_events; Type: TABLE; Schema: public; Owner: cotripperuser
--

CREATE TABLE public.accounts_profile_events (
    id integer NOT NULL,
    profile_id integer NOT NULL,
    event_id integer NOT NULL
);


ALTER TABLE public.accounts_profile_events OWNER TO cotripperuser;

--
-- Name: accounts_profile_events_id_seq; Type: SEQUENCE; Schema: public; Owner: cotripperuser
--

CREATE SEQUENCE public.accounts_profile_events_id_seq
    AS integer
    START WITH 1
    INCREMENT BY 1
    NO MINVALUE
    NO MAXVALUE
    CACHE 1;


ALTER TABLE public.accounts_profile_events_id_seq OWNER TO cotripperuser;

--
-- Name: accounts_profile_events_id_seq; Type: SEQUENCE OWNED BY; Schema: public; Owner: cotripperuser
--

ALTER SEQUENCE public.accounts_profile_events_id_seq OWNED BY public.accounts_profile_events.id;


--
-- Name: accounts_profile_hashtags; Type: TABLE; Schema: public; Owner: cotripperuser
--

CREATE TABLE public.accounts_profile_hashtags (
    id integer NOT NULL,
    profile_id integer NOT NULL,
    hashtag_id integer NOT NULL
);


ALTER TABLE public.accounts_profile_hashtags OWNER TO cotripperuser;

--
-- Name: accounts_profile_hashtags_id_seq; Type: SEQUENCE; Schema: public; Owner: cotripperuser
--

CREATE SEQUENCE public.accounts_profile_hashtags_id_seq
    AS integer
    START WITH 1
    INCREMENT BY 1
    NO MINVALUE
    NO MAXVALUE
    CACHE 1;


ALTER TABLE public.accounts_profile_hashtags_id_seq OWNER TO cotripperuser;

--
-- Name: accounts_profile_hashtags_id_seq; Type: SEQUENCE OWNED BY; Schema: public; Owner: cotripperuser
--

ALTER SEQUENCE public.accounts_profile_hashtags_id_seq OWNED BY public.accounts_profile_hashtags.id;


--
-- Name: accounts_profile_topics; Type: TABLE; Schema: public; Owner: cotripperuser
--

CREATE TABLE public.accounts_profile_topics (
    id integer NOT NULL,
    profile_id integer NOT NULL,
    topic_id integer NOT NULL
);


ALTER TABLE public.accounts_profile_topics OWNER TO cotripperuser;

--
-- Name: accounts_profile_topics_id_seq; Type: SEQUENCE; Schema: public; Owner: cotripperuser
--

CREATE SEQUENCE public.accounts_profile_topics_id_seq
    AS integer
    START WITH 1
    INCREMENT BY 1
    NO MINVALUE
    NO MAXVALUE
    CACHE 1;


ALTER TABLE public.accounts_profile_topics_id_seq OWNER TO cotripperuser;

--
-- Name: accounts_profile_topics_id_seq; Type: SEQUENCE OWNED BY; Schema: public; Owner: cotripperuser
--

ALTER SEQUENCE public.accounts_profile_topics_id_seq OWNED BY public.accounts_profile_topics.id;


--
-- Name: accounts_profilesocialmedia; Type: TABLE; Schema: public; Owner: cotripperuser
--

CREATE TABLE public.accounts_profilesocialmedia (
    id integer NOT NULL,
    url character varying(200) NOT NULL,
    profile_id integer,
    social_media_type_id integer
);


ALTER TABLE public.accounts_profilesocialmedia OWNER TO cotripperuser;

--
-- Name: accounts_profilesocialmedia_id_seq; Type: SEQUENCE; Schema: public; Owner: cotripperuser
--

CREATE SEQUENCE public.accounts_profilesocialmedia_id_seq
    AS integer
    START WITH 1
    INCREMENT BY 1
    NO MINVALUE
    NO MAXVALUE
    CACHE 1;


ALTER TABLE public.accounts_profilesocialmedia_id_seq OWNER TO cotripperuser;

--
-- Name: accounts_profilesocialmedia_id_seq; Type: SEQUENCE OWNED BY; Schema: public; Owner: cotripperuser
--

ALTER SEQUENCE public.accounts_profilesocialmedia_id_seq OWNED BY public.accounts_profilesocialmedia.id;


--
-- Name: accounts_socialmediatype; Type: TABLE; Schema: public; Owner: cotripperuser
--

CREATE TABLE public.accounts_socialmediatype (
    id integer NOT NULL,
    name character varying(200) NOT NULL
);


ALTER TABLE public.accounts_socialmediatype OWNER TO cotripperuser;

--
-- Name: accounts_socialmediatype_id_seq; Type: SEQUENCE; Schema: public; Owner: cotripperuser
--

CREATE SEQUENCE public.accounts_socialmediatype_id_seq
    AS integer
    START WITH 1
    INCREMENT BY 1
    NO MINVALUE
    NO MAXVALUE
    CACHE 1;


ALTER TABLE public.accounts_socialmediatype_id_seq OWNER TO cotripperuser;

--
-- Name: accounts_socialmediatype_id_seq; Type: SEQUENCE OWNED BY; Schema: public; Owner: cotripperuser
--

ALTER SEQUENCE public.accounts_socialmediatype_id_seq OWNED BY public.accounts_socialmediatype.id;


--
-- Name: auth_group; Type: TABLE; Schema: public; Owner: cotripperuser
--

CREATE TABLE public.auth_group (
    id integer NOT NULL,
    name character varying(150) NOT NULL
);


ALTER TABLE public.auth_group OWNER TO cotripperuser;

--
-- Name: auth_group_id_seq; Type: SEQUENCE; Schema: public; Owner: cotripperuser
--

CREATE SEQUENCE public.auth_group_id_seq
    AS integer
    START WITH 1
    INCREMENT BY 1
    NO MINVALUE
    NO MAXVALUE
    CACHE 1;


ALTER TABLE public.auth_group_id_seq OWNER TO cotripperuser;

--
-- Name: auth_group_id_seq; Type: SEQUENCE OWNED BY; Schema: public; Owner: cotripperuser
--

ALTER SEQUENCE public.auth_group_id_seq OWNED BY public.auth_group.id;


--
-- Name: auth_group_permissions; Type: TABLE; Schema: public; Owner: cotripperuser
--

CREATE TABLE public.auth_group_permissions (
    id integer NOT NULL,
    group_id integer NOT NULL,
    permission_id integer NOT NULL
);


ALTER TABLE public.auth_group_permissions OWNER TO cotripperuser;

--
-- Name: auth_group_permissions_id_seq; Type: SEQUENCE; Schema: public; Owner: cotripperuser
--

CREATE SEQUENCE public.auth_group_permissions_id_seq
    AS integer
    START WITH 1
    INCREMENT BY 1
    NO MINVALUE
    NO MAXVALUE
    CACHE 1;


ALTER TABLE public.auth_group_permissions_id_seq OWNER TO cotripperuser;

--
-- Name: auth_group_permissions_id_seq; Type: SEQUENCE OWNED BY; Schema: public; Owner: cotripperuser
--

ALTER SEQUENCE public.auth_group_permissions_id_seq OWNED BY public.auth_group_permissions.id;


--
-- Name: auth_permission; Type: TABLE; Schema: public; Owner: cotripperuser
--

CREATE TABLE public.auth_permission (
    id integer NOT NULL,
    name character varying(255) NOT NULL,
    content_type_id integer NOT NULL,
    codename character varying(100) NOT NULL
);


ALTER TABLE public.auth_permission OWNER TO cotripperuser;

--
-- Name: auth_permission_id_seq; Type: SEQUENCE; Schema: public; Owner: cotripperuser
--

CREATE SEQUENCE public.auth_permission_id_seq
    AS integer
    START WITH 1
    INCREMENT BY 1
    NO MINVALUE
    NO MAXVALUE
    CACHE 1;


ALTER TABLE public.auth_permission_id_seq OWNER TO cotripperuser;

--
-- Name: auth_permission_id_seq; Type: SEQUENCE OWNED BY; Schema: public; Owner: cotripperuser
--

ALTER SEQUENCE public.auth_permission_id_seq OWNED BY public.auth_permission.id;


--
-- Name: community_event; Type: TABLE; Schema: public; Owner: cotripperuser
--

CREATE TABLE public.community_event (
    id integer NOT NULL,
    title character varying(200) NOT NULL,
    group_id integer,
    location_id integer
);


ALTER TABLE public.community_event OWNER TO cotripperuser;

--
-- Name: community_event_id_seq; Type: SEQUENCE; Schema: public; Owner: cotripperuser
--

CREATE SEQUENCE public.community_event_id_seq
    AS integer
    START WITH 1
    INCREMENT BY 1
    NO MINVALUE
    NO MAXVALUE
    CACHE 1;


ALTER TABLE public.community_event_id_seq OWNER TO cotripperuser;

--
-- Name: community_event_id_seq; Type: SEQUENCE OWNED BY; Schema: public; Owner: cotripperuser
--

ALTER SEQUENCE public.community_event_id_seq OWNED BY public.community_event.id;


--
-- Name: community_group; Type: TABLE; Schema: public; Owner: cotripperuser
--

CREATE TABLE public.community_group (
    id integer NOT NULL,
    title character varying(200) NOT NULL,
    description character varying(500)
);


ALTER TABLE public.community_group OWNER TO cotripperuser;

--
-- Name: community_group_id_seq; Type: SEQUENCE; Schema: public; Owner: cotripperuser
--

CREATE SEQUENCE public.community_group_id_seq
    AS integer
    START WITH 1
    INCREMENT BY 1
    NO MINVALUE
    NO MAXVALUE
    CACHE 1;


ALTER TABLE public.community_group_id_seq OWNER TO cotripperuser;

--
-- Name: community_group_id_seq; Type: SEQUENCE OWNED BY; Schema: public; Owner: cotripperuser
--

ALTER SEQUENCE public.community_group_id_seq OWNED BY public.community_group.id;


--
-- Name: community_hashtag; Type: TABLE; Schema: public; Owner: cotripperuser
--

CREATE TABLE public.community_hashtag (
    id integer NOT NULL,
    title character varying(200) NOT NULL,
    description character varying(500) NOT NULL
);


ALTER TABLE public.community_hashtag OWNER TO cotripperuser;

--
-- Name: community_hashtag_id_seq; Type: SEQUENCE; Schema: public; Owner: cotripperuser
--

CREATE SEQUENCE public.community_hashtag_id_seq
    AS integer
    START WITH 1
    INCREMENT BY 1
    NO MINVALUE
    NO MAXVALUE
    CACHE 1;


ALTER TABLE public.community_hashtag_id_seq OWNER TO cotripperuser;

--
-- Name: community_hashtag_id_seq; Type: SEQUENCE OWNED BY; Schema: public; Owner: cotripperuser
--

ALTER SEQUENCE public.community_hashtag_id_seq OWNED BY public.community_hashtag.id;


--
-- Name: community_media; Type: TABLE; Schema: public; Owner: cotripperuser
--

CREATE TABLE public.community_media (
    id integer NOT NULL,
    title character varying(200) NOT NULL,
    image character varying(100) NOT NULL,
    group_id integer,
    "time" date NOT NULL,
    hashtag_id integer,
    author_id integer
);


ALTER TABLE public.community_media OWNER TO cotripperuser;

--
-- Name: community_media_id_seq; Type: SEQUENCE; Schema: public; Owner: cotripperuser
--

CREATE SEQUENCE public.community_media_id_seq
    AS integer
    START WITH 1
    INCREMENT BY 1
    NO MINVALUE
    NO MAXVALUE
    CACHE 1;


ALTER TABLE public.community_media_id_seq OWNER TO cotripperuser;

--
-- Name: community_media_id_seq; Type: SEQUENCE OWNED BY; Schema: public; Owner: cotripperuser
--

ALTER SEQUENCE public.community_media_id_seq OWNED BY public.community_media.id;


--
-- Name: community_media_topics; Type: TABLE; Schema: public; Owner: cotripperuser
--

CREATE TABLE public.community_media_topics (
    id integer NOT NULL,
    media_id integer NOT NULL,
    topic_id integer NOT NULL
);


ALTER TABLE public.community_media_topics OWNER TO cotripperuser;

--
-- Name: community_media_topics_id_seq; Type: SEQUENCE; Schema: public; Owner: cotripperuser
--

CREATE SEQUENCE public.community_media_topics_id_seq
    AS integer
    START WITH 1
    INCREMENT BY 1
    NO MINVALUE
    NO MAXVALUE
    CACHE 1;


ALTER TABLE public.community_media_topics_id_seq OWNER TO cotripperuser;

--
-- Name: community_media_topics_id_seq; Type: SEQUENCE OWNED BY; Schema: public; Owner: cotripperuser
--

ALTER SEQUENCE public.community_media_topics_id_seq OWNED BY public.community_media_topics.id;


--
-- Name: community_topic; Type: TABLE; Schema: public; Owner: cotripperuser
--

CREATE TABLE public.community_topic (
    id integer NOT NULL,
    title character varying(200) NOT NULL,
    description character varying(500) NOT NULL
);


ALTER TABLE public.community_topic OWNER TO cotripperuser;

--
-- Name: community_topic_id_seq; Type: SEQUENCE; Schema: public; Owner: cotripperuser
--

CREATE SEQUENCE public.community_topic_id_seq
    AS integer
    START WITH 1
    INCREMENT BY 1
    NO MINVALUE
    NO MAXVALUE
    CACHE 1;


ALTER TABLE public.community_topic_id_seq OWNER TO cotripperuser;

--
-- Name: community_topic_id_seq; Type: SEQUENCE OWNED BY; Schema: public; Owner: cotripperuser
--

ALTER SEQUENCE public.community_topic_id_seq OWNED BY public.community_topic.id;


--
-- Name: django_admin_log; Type: TABLE; Schema: public; Owner: cotripperuser
--

CREATE TABLE public.django_admin_log (
    id integer NOT NULL,
    action_time timestamp with time zone NOT NULL,
    object_id text,
    object_repr character varying(200) NOT NULL,
    action_flag smallint NOT NULL,
    change_message text NOT NULL,
    content_type_id integer,
    user_id integer NOT NULL,
    CONSTRAINT django_admin_log_action_flag_check CHECK ((action_flag >= 0))
);


ALTER TABLE public.django_admin_log OWNER TO cotripperuser;

--
-- Name: django_admin_log_id_seq; Type: SEQUENCE; Schema: public; Owner: cotripperuser
--

CREATE SEQUENCE public.django_admin_log_id_seq
    AS integer
    START WITH 1
    INCREMENT BY 1
    NO MINVALUE
    NO MAXVALUE
    CACHE 1;


ALTER TABLE public.django_admin_log_id_seq OWNER TO cotripperuser;

--
-- Name: django_admin_log_id_seq; Type: SEQUENCE OWNED BY; Schema: public; Owner: cotripperuser
--

ALTER SEQUENCE public.django_admin_log_id_seq OWNED BY public.django_admin_log.id;


--
-- Name: django_content_type; Type: TABLE; Schema: public; Owner: cotripperuser
--

CREATE TABLE public.django_content_type (
    id integer NOT NULL,
    app_label character varying(100) NOT NULL,
    model character varying(100) NOT NULL
);


ALTER TABLE public.django_content_type OWNER TO cotripperuser;

--
-- Name: django_content_type_id_seq; Type: SEQUENCE; Schema: public; Owner: cotripperuser
--

CREATE SEQUENCE public.django_content_type_id_seq
    AS integer
    START WITH 1
    INCREMENT BY 1
    NO MINVALUE
    NO MAXVALUE
    CACHE 1;


ALTER TABLE public.django_content_type_id_seq OWNER TO cotripperuser;

--
-- Name: django_content_type_id_seq; Type: SEQUENCE OWNED BY; Schema: public; Owner: cotripperuser
--

ALTER SEQUENCE public.django_content_type_id_seq OWNED BY public.django_content_type.id;


--
-- Name: django_migrations; Type: TABLE; Schema: public; Owner: cotripperuser
--

CREATE TABLE public.django_migrations (
    id integer NOT NULL,
    app character varying(255) NOT NULL,
    name character varying(255) NOT NULL,
    applied timestamp with time zone NOT NULL
);


ALTER TABLE public.django_migrations OWNER TO cotripperuser;

--
-- Name: django_migrations_id_seq; Type: SEQUENCE; Schema: public; Owner: cotripperuser
--

CREATE SEQUENCE public.django_migrations_id_seq
    AS integer
    START WITH 1
    INCREMENT BY 1
    NO MINVALUE
    NO MAXVALUE
    CACHE 1;


ALTER TABLE public.django_migrations_id_seq OWNER TO cotripperuser;

--
-- Name: django_migrations_id_seq; Type: SEQUENCE OWNED BY; Schema: public; Owner: cotripperuser
--

ALTER SEQUENCE public.django_migrations_id_seq OWNED BY public.django_migrations.id;


--
-- Name: django_session; Type: TABLE; Schema: public; Owner: cotripperuser
--

CREATE TABLE public.django_session (
    session_key character varying(40) NOT NULL,
    session_data text NOT NULL,
    expire_date timestamp with time zone NOT NULL
);


ALTER TABLE public.django_session OWNER TO cotripperuser;

--
-- Name: forum_post; Type: TABLE; Schema: public; Owner: cotripperuser
--

CREATE TABLE public.forum_post (
    id integer NOT NULL,
    title character varying(200) NOT NULL,
    "time" timestamp with time zone NOT NULL,
    body character varying(1000) NOT NULL,
    likes integer NOT NULL,
    author_id integer,
    post_type character varying(200)
);


ALTER TABLE public.forum_post OWNER TO cotripperuser;

--
-- Name: forum_post_id_seq; Type: SEQUENCE; Schema: public; Owner: cotripperuser
--

CREATE SEQUENCE public.forum_post_id_seq
    AS integer
    START WITH 1
    INCREMENT BY 1
    NO MINVALUE
    NO MAXVALUE
    CACHE 1;


ALTER TABLE public.forum_post_id_seq OWNER TO cotripperuser;

--
-- Name: forum_post_id_seq; Type: SEQUENCE OWNED BY; Schema: public; Owner: cotripperuser
--

ALTER SEQUENCE public.forum_post_id_seq OWNED BY public.forum_post.id;


--
-- Name: forum_post_parent; Type: TABLE; Schema: public; Owner: cotripperuser
--

CREATE TABLE public.forum_post_parent (
    id integer NOT NULL,
    from_post_id integer NOT NULL,
    to_post_id integer NOT NULL
);


ALTER TABLE public.forum_post_parent OWNER TO cotripperuser;

--
-- Name: forum_post_parent_id_seq; Type: SEQUENCE; Schema: public; Owner: cotripperuser
--

CREATE SEQUENCE public.forum_post_parent_id_seq
    AS integer
    START WITH 1
    INCREMENT BY 1
    NO MINVALUE
    NO MAXVALUE
    CACHE 1;


ALTER TABLE public.forum_post_parent_id_seq OWNER TO cotripperuser;

--
-- Name: forum_post_parent_id_seq; Type: SEQUENCE OWNED BY; Schema: public; Owner: cotripperuser
--

ALTER SEQUENCE public.forum_post_parent_id_seq OWNED BY public.forum_post_parent.id;


--
-- Name: knox_authtoken; Type: TABLE; Schema: public; Owner: cotripperuser
--

CREATE TABLE public.knox_authtoken (
    digest character varying(128) NOT NULL,
    salt character varying(16) NOT NULL,
    created timestamp with time zone NOT NULL,
    user_id integer NOT NULL,
    expiry timestamp with time zone,
    token_key character varying(8) NOT NULL
);


ALTER TABLE public.knox_authtoken OWNER TO cotripperuser;

--
-- Name: trip_activity; Type: TABLE; Schema: public; Owner: cotripperuser
--

CREATE TABLE public.trip_activity (
    id integer NOT NULL,
    for_kids boolean NOT NULL,
    for_moms boolean NOT NULL,
    title character varying(200) NOT NULL,
    date date NOT NULL,
    description text NOT NULL,
    "time" time without time zone NOT NULL,
    location_id integer
);


ALTER TABLE public.trip_activity OWNER TO cotripperuser;

--
-- Name: trip_activity_id_seq; Type: SEQUENCE; Schema: public; Owner: cotripperuser
--

CREATE SEQUENCE public.trip_activity_id_seq
    AS integer
    START WITH 1
    INCREMENT BY 1
    NO MINVALUE
    NO MAXVALUE
    CACHE 1;


ALTER TABLE public.trip_activity_id_seq OWNER TO cotripperuser;

--
-- Name: trip_activity_id_seq; Type: SEQUENCE OWNED BY; Schema: public; Owner: cotripperuser
--

ALTER SEQUENCE public.trip_activity_id_seq OWNED BY public.trip_activity.id;


--
-- Name: trip_country; Type: TABLE; Schema: public; Owner: cotripperuser
--

CREATE TABLE public.trip_country (
    id integer NOT NULL,
    name character varying(200),
    code character varying(2) NOT NULL
);


ALTER TABLE public.trip_country OWNER TO cotripperuser;

--
-- Name: trip_country_id_seq; Type: SEQUENCE; Schema: public; Owner: cotripperuser
--

CREATE SEQUENCE public.trip_country_id_seq
    AS integer
    START WITH 1
    INCREMENT BY 1
    NO MINVALUE
    NO MAXVALUE
    CACHE 1;


ALTER TABLE public.trip_country_id_seq OWNER TO cotripperuser;

--
-- Name: trip_country_id_seq; Type: SEQUENCE OWNED BY; Schema: public; Owner: cotripperuser
--

ALTER SEQUENCE public.trip_country_id_seq OWNED BY public.trip_country.id;


--
-- Name: trip_location; Type: TABLE; Schema: public; Owner: cotripperuser
--

CREATE TABLE public.trip_location (
    id integer NOT NULL,
    name character varying(200),
    state_id integer,
    country_id integer
);


ALTER TABLE public.trip_location OWNER TO cotripperuser;

--
-- Name: trip_location_id_seq; Type: SEQUENCE; Schema: public; Owner: cotripperuser
--

CREATE SEQUENCE public.trip_location_id_seq
    AS integer
    START WITH 1
    INCREMENT BY 1
    NO MINVALUE
    NO MAXVALUE
    CACHE 1;


ALTER TABLE public.trip_location_id_seq OWNER TO cotripperuser;

--
-- Name: trip_location_id_seq; Type: SEQUENCE OWNED BY; Schema: public; Owner: cotripperuser
--

ALTER SEQUENCE public.trip_location_id_seq OWNED BY public.trip_location.id;


--
-- Name: trip_state; Type: TABLE; Schema: public; Owner: cotripperuser
--

CREATE TABLE public.trip_state (
    id integer NOT NULL,
    name character varying(200),
    code character varying(2) NOT NULL,
    country_id integer
);


ALTER TABLE public.trip_state OWNER TO cotripperuser;

--
-- Name: trip_state_id_seq; Type: SEQUENCE; Schema: public; Owner: cotripperuser
--

CREATE SEQUENCE public.trip_state_id_seq
    AS integer
    START WITH 1
    INCREMENT BY 1
    NO MINVALUE
    NO MAXVALUE
    CACHE 1;


ALTER TABLE public.trip_state_id_seq OWNER TO cotripperuser;

--
-- Name: trip_state_id_seq; Type: SEQUENCE OWNED BY; Schema: public; Owner: cotripperuser
--

ALTER SEQUENCE public.trip_state_id_seq OWNED BY public.trip_state.id;


--
-- Name: trip_trip; Type: TABLE; Schema: public; Owner: cotripperuser
--

CREATE TABLE public.trip_trip (
    id integer NOT NULL,
    title character varying(200) NOT NULL,
    end_date date NOT NULL,
    start_date date NOT NULL,
    overview text,
    "imageURLs" character varying(500)
);


ALTER TABLE public.trip_trip OWNER TO cotripperuser;

--
-- Name: trip_trip_activities; Type: TABLE; Schema: public; Owner: cotripperuser
--

CREATE TABLE public.trip_trip_activities (
    id integer NOT NULL,
    trip_id integer NOT NULL,
    activity_id integer NOT NULL
);


ALTER TABLE public.trip_trip_activities OWNER TO cotripperuser;

--
-- Name: trip_trip_activities_id_seq; Type: SEQUENCE; Schema: public; Owner: cotripperuser
--

CREATE SEQUENCE public.trip_trip_activities_id_seq
    AS integer
    START WITH 1
    INCREMENT BY 1
    NO MINVALUE
    NO MAXVALUE
    CACHE 1;


ALTER TABLE public.trip_trip_activities_id_seq OWNER TO cotripperuser;

--
-- Name: trip_trip_activities_id_seq; Type: SEQUENCE OWNED BY; Schema: public; Owner: cotripperuser
--

ALTER SEQUENCE public.trip_trip_activities_id_seq OWNED BY public.trip_trip_activities.id;


--
-- Name: trip_trip_id_seq; Type: SEQUENCE; Schema: public; Owner: cotripperuser
--

CREATE SEQUENCE public.trip_trip_id_seq
    AS integer
    START WITH 1
    INCREMENT BY 1
    NO MINVALUE
    NO MAXVALUE
    CACHE 1;


ALTER TABLE public.trip_trip_id_seq OWNER TO cotripperuser;

--
-- Name: trip_trip_id_seq; Type: SEQUENCE OWNED BY; Schema: public; Owner: cotripperuser
--

ALTER SEQUENCE public.trip_trip_id_seq OWNED BY public.trip_trip.id;


--
-- Name: trip_trip_locations; Type: TABLE; Schema: public; Owner: cotripperuser
--

CREATE TABLE public.trip_trip_locations (
    id integer NOT NULL,
    trip_id integer NOT NULL,
    location_id integer NOT NULL
);


ALTER TABLE public.trip_trip_locations OWNER TO cotripperuser;

--
-- Name: trip_trip_locations_id_seq; Type: SEQUENCE; Schema: public; Owner: cotripperuser
--

CREATE SEQUENCE public.trip_trip_locations_id_seq
    AS integer
    START WITH 1
    INCREMENT BY 1
    NO MINVALUE
    NO MAXVALUE
    CACHE 1;


ALTER TABLE public.trip_trip_locations_id_seq OWNER TO cotripperuser;

--
-- Name: trip_trip_locations_id_seq; Type: SEQUENCE OWNED BY; Schema: public; Owner: cotripperuser
--

ALTER SEQUENCE public.trip_trip_locations_id_seq OWNED BY public.trip_trip_locations.id;


--
-- Name: accounts_customuser id; Type: DEFAULT; Schema: public; Owner: cotripperuser
--

ALTER TABLE ONLY public.accounts_customuser ALTER COLUMN id SET DEFAULT nextval('public.accounts_customuser_id_seq'::regclass);


--
-- Name: accounts_customuser_groups id; Type: DEFAULT; Schema: public; Owner: cotripperuser
--

ALTER TABLE ONLY public.accounts_customuser_groups ALTER COLUMN id SET DEFAULT nextval('public.accounts_customuser_groups_id_seq'::regclass);


--
-- Name: accounts_customuser_user_permissions id; Type: DEFAULT; Schema: public; Owner: cotripperuser
--

ALTER TABLE ONLY public.accounts_customuser_user_permissions ALTER COLUMN id SET DEFAULT nextval('public.accounts_customuser_user_permissions_id_seq'::regclass);


--
-- Name: accounts_profile_activities id; Type: DEFAULT; Schema: public; Owner: cotripperuser
--

ALTER TABLE ONLY public.accounts_profile_activities ALTER COLUMN id SET DEFAULT nextval('public.accounts_profile_activities_id_seq'::regclass);


--
-- Name: accounts_profile_connections id; Type: DEFAULT; Schema: public; Owner: cotripperuser
--

ALTER TABLE ONLY public.accounts_profile_connections ALTER COLUMN id SET DEFAULT nextval('public.accounts_profile_connections_id_seq'::regclass);


--
-- Name: accounts_profile_events id; Type: DEFAULT; Schema: public; Owner: cotripperuser
--

ALTER TABLE ONLY public.accounts_profile_events ALTER COLUMN id SET DEFAULT nextval('public.accounts_profile_events_id_seq'::regclass);


--
-- Name: accounts_profile_hashtags id; Type: DEFAULT; Schema: public; Owner: cotripperuser
--

ALTER TABLE ONLY public.accounts_profile_hashtags ALTER COLUMN id SET DEFAULT nextval('public.accounts_profile_hashtags_id_seq'::regclass);


--
-- Name: accounts_profile_topics id; Type: DEFAULT; Schema: public; Owner: cotripperuser
--

ALTER TABLE ONLY public.accounts_profile_topics ALTER COLUMN id SET DEFAULT nextval('public.accounts_profile_topics_id_seq'::regclass);


--
-- Name: accounts_profilesocialmedia id; Type: DEFAULT; Schema: public; Owner: cotripperuser
--

ALTER TABLE ONLY public.accounts_profilesocialmedia ALTER COLUMN id SET DEFAULT nextval('public.accounts_profilesocialmedia_id_seq'::regclass);


--
-- Name: accounts_socialmediatype id; Type: DEFAULT; Schema: public; Owner: cotripperuser
--

ALTER TABLE ONLY public.accounts_socialmediatype ALTER COLUMN id SET DEFAULT nextval('public.accounts_socialmediatype_id_seq'::regclass);


--
-- Name: auth_group id; Type: DEFAULT; Schema: public; Owner: cotripperuser
--

ALTER TABLE ONLY public.auth_group ALTER COLUMN id SET DEFAULT nextval('public.auth_group_id_seq'::regclass);


--
-- Name: auth_group_permissions id; Type: DEFAULT; Schema: public; Owner: cotripperuser
--

ALTER TABLE ONLY public.auth_group_permissions ALTER COLUMN id SET DEFAULT nextval('public.auth_group_permissions_id_seq'::regclass);


--
-- Name: auth_permission id; Type: DEFAULT; Schema: public; Owner: cotripperuser
--

ALTER TABLE ONLY public.auth_permission ALTER COLUMN id SET DEFAULT nextval('public.auth_permission_id_seq'::regclass);


--
-- Name: community_event id; Type: DEFAULT; Schema: public; Owner: cotripperuser
--

ALTER TABLE ONLY public.community_event ALTER COLUMN id SET DEFAULT nextval('public.community_event_id_seq'::regclass);


--
-- Name: community_group id; Type: DEFAULT; Schema: public; Owner: cotripperuser
--

ALTER TABLE ONLY public.community_group ALTER COLUMN id SET DEFAULT nextval('public.community_group_id_seq'::regclass);


--
-- Name: community_hashtag id; Type: DEFAULT; Schema: public; Owner: cotripperuser
--

ALTER TABLE ONLY public.community_hashtag ALTER COLUMN id SET DEFAULT nextval('public.community_hashtag_id_seq'::regclass);


--
-- Name: community_media id; Type: DEFAULT; Schema: public; Owner: cotripperuser
--

ALTER TABLE ONLY public.community_media ALTER COLUMN id SET DEFAULT nextval('public.community_media_id_seq'::regclass);


--
-- Name: community_media_topics id; Type: DEFAULT; Schema: public; Owner: cotripperuser
--

ALTER TABLE ONLY public.community_media_topics ALTER COLUMN id SET DEFAULT nextval('public.community_media_topics_id_seq'::regclass);


--
-- Name: community_topic id; Type: DEFAULT; Schema: public; Owner: cotripperuser
--

ALTER TABLE ONLY public.community_topic ALTER COLUMN id SET DEFAULT nextval('public.community_topic_id_seq'::regclass);


--
-- Name: django_admin_log id; Type: DEFAULT; Schema: public; Owner: cotripperuser
--

ALTER TABLE ONLY public.django_admin_log ALTER COLUMN id SET DEFAULT nextval('public.django_admin_log_id_seq'::regclass);


--
-- Name: django_content_type id; Type: DEFAULT; Schema: public; Owner: cotripperuser
--

ALTER TABLE ONLY public.django_content_type ALTER COLUMN id SET DEFAULT nextval('public.django_content_type_id_seq'::regclass);


--
-- Name: django_migrations id; Type: DEFAULT; Schema: public; Owner: cotripperuser
--

ALTER TABLE ONLY public.django_migrations ALTER COLUMN id SET DEFAULT nextval('public.django_migrations_id_seq'::regclass);


--
-- Name: forum_post id; Type: DEFAULT; Schema: public; Owner: cotripperuser
--

ALTER TABLE ONLY public.forum_post ALTER COLUMN id SET DEFAULT nextval('public.forum_post_id_seq'::regclass);


--
-- Name: forum_post_parent id; Type: DEFAULT; Schema: public; Owner: cotripperuser
--

ALTER TABLE ONLY public.forum_post_parent ALTER COLUMN id SET DEFAULT nextval('public.forum_post_parent_id_seq'::regclass);


--
-- Name: trip_activity id; Type: DEFAULT; Schema: public; Owner: cotripperuser
--

ALTER TABLE ONLY public.trip_activity ALTER COLUMN id SET DEFAULT nextval('public.trip_activity_id_seq'::regclass);


--
-- Name: trip_country id; Type: DEFAULT; Schema: public; Owner: cotripperuser
--

ALTER TABLE ONLY public.trip_country ALTER COLUMN id SET DEFAULT nextval('public.trip_country_id_seq'::regclass);


--
-- Name: trip_location id; Type: DEFAULT; Schema: public; Owner: cotripperuser
--

ALTER TABLE ONLY public.trip_location ALTER COLUMN id SET DEFAULT nextval('public.trip_location_id_seq'::regclass);


--
-- Name: trip_state id; Type: DEFAULT; Schema: public; Owner: cotripperuser
--

ALTER TABLE ONLY public.trip_state ALTER COLUMN id SET DEFAULT nextval('public.trip_state_id_seq'::regclass);


--
-- Name: trip_trip id; Type: DEFAULT; Schema: public; Owner: cotripperuser
--

ALTER TABLE ONLY public.trip_trip ALTER COLUMN id SET DEFAULT nextval('public.trip_trip_id_seq'::regclass);


--
-- Name: trip_trip_activities id; Type: DEFAULT; Schema: public; Owner: cotripperuser
--

ALTER TABLE ONLY public.trip_trip_activities ALTER COLUMN id SET DEFAULT nextval('public.trip_trip_activities_id_seq'::regclass);


--
-- Name: trip_trip_locations id; Type: DEFAULT; Schema: public; Owner: cotripperuser
--

ALTER TABLE ONLY public.trip_trip_locations ALTER COLUMN id SET DEFAULT nextval('public.trip_trip_locations_id_seq'::regclass);


--
-- Data for Name: accounts_customuser; Type: TABLE DATA; Schema: public; Owner: cotripperuser
--

COPY public.accounts_customuser (id, password, last_login, is_superuser, first_name, last_name, is_staff, is_active, date_joined, email) FROM stdin;
1		\N	f			f	t	2020-05-21 16:36:31.285211-04	a@example.com
2		\N	f			f	t	2020-05-21 16:36:31.286926-04	ab@example.com
3		\N	f			f	t	2020-05-21 16:36:31.287996-04	abc@example.com
4		\N	f			f	t	2020-05-21 16:36:31.288961-04	abcd@example.com
5		\N	f			f	t	2020-05-21 16:36:31.289935-04	abcde@example.com
\.


--
-- Data for Name: accounts_customuser_groups; Type: TABLE DATA; Schema: public; Owner: cotripperuser
--

COPY public.accounts_customuser_groups (id, customuser_id, group_id) FROM stdin;
\.


--
-- Data for Name: accounts_customuser_user_permissions; Type: TABLE DATA; Schema: public; Owner: cotripperuser
--

COPY public.accounts_customuser_user_permissions (id, customuser_id, permission_id) FROM stdin;
\.


--
-- Data for Name: accounts_profile; Type: TABLE DATA; Schema: public; Owner: cotripperuser
--

COPY public.accounts_profile (user_id, image, first_name, last_name, age, dream_destination, bio, city_of_residence_id) FROM stdin;
1	https://cotripperdev.s3.amazonaws.com/profile/b151b86a79b011eabef33ca9f4927614	Jane	Doe	30	Arizona	Looking for fun trips with other single moms and their kids :)	8
2	https://cotripperdev.s3.amazonaws.com/profile/2de9153a79b111eabef33ca9f4927614	Janette	Doe	30	New Mexico	Looking for fun trips with other single moms and their kids :)	8
3	https://cotripperdev.s3.amazonaws.com/profile/50a5ffc079b111eabef33ca9f4927614	Joni	Doe	30	California	Looking for fun trips with other single moms and their kids :)	8
4	https://cotripperdev.s3.amazonaws.com/profile/6f16322c79b111eabef33ca9f4927614	Wendy	Doe	30	Canada	Looking for fun trips with other single moms and their kids :)	8
5	https://cotripperdev.s3.amazonaws.com/profile/8b8b31f079b111eabef33ca9f4927614	Wendy	Bite	30	Cuba	Looking for fun trips with older single moms	8
\.


--
-- Data for Name: accounts_profile_activities; Type: TABLE DATA; Schema: public; Owner: cotripperuser
--

COPY public.accounts_profile_activities (id, profile_id, activity_id) FROM stdin;
1	1	1
2	1	2
3	1	3
4	1	4
5	1	9
6	2	9
7	2	2
8	2	3
9	2	7
10	3	1
11	3	3
12	3	5
13	3	9
14	4	2
15	4	4
16	4	5
17	4	6
18	4	7
19	4	9
20	5	5
21	5	6
22	5	7
23	5	8
24	5	9
25	5	10
26	5	11
\.


--
-- Data for Name: accounts_profile_connections; Type: TABLE DATA; Schema: public; Owner: cotripperuser
--

COPY public.accounts_profile_connections (id, from_profile_id, to_profile_id) FROM stdin;
1	1	2
3	2	1
5	3	2
6	2	3
7	5	4
8	4	5
\.


--
-- Data for Name: accounts_profile_events; Type: TABLE DATA; Schema: public; Owner: cotripperuser
--

COPY public.accounts_profile_events (id, profile_id, event_id) FROM stdin;
1	1	1
2	2	2
3	3	3
4	4	1
5	4	2
6	5	2
7	5	3
\.


--
-- Data for Name: accounts_profile_hashtags; Type: TABLE DATA; Schema: public; Owner: cotripperuser
--

COPY public.accounts_profile_hashtags (id, profile_id, hashtag_id) FROM stdin;
1	1	1
2	2	1
3	2	2
4	2	3
5	4	2
6	4	3
7	5	1
8	5	2
\.


--
-- Data for Name: accounts_profile_topics; Type: TABLE DATA; Schema: public; Owner: cotripperuser
--

COPY public.accounts_profile_topics (id, profile_id, topic_id) FROM stdin;
1	1	1
2	1	2
3	2	1
4	2	2
5	2	3
6	3	3
7	4	1
8	4	3
9	5	3
\.


--
-- Data for Name: accounts_profilesocialmedia; Type: TABLE DATA; Schema: public; Owner: cotripperuser
--

COPY public.accounts_profilesocialmedia (id, url, profile_id, social_media_type_id) FROM stdin;
1	https://www.facebook.com/	1	1
2	https://www.instagram.com/	1	2
3	https://www.pinterest.com/	1	3
4	https://www.facebook.com/	2	1
5	https://www.facebook.com/	3	1
6	https://www.facebook.com/	4	1
\.


--
-- Data for Name: accounts_socialmediatype; Type: TABLE DATA; Schema: public; Owner: cotripperuser
--

COPY public.accounts_socialmediatype (id, name) FROM stdin;
1	Facebook
2	Instagram
3	Pinterest
\.


--
-- Data for Name: auth_group; Type: TABLE DATA; Schema: public; Owner: cotripperuser
--

COPY public.auth_group (id, name) FROM stdin;
\.


--
-- Data for Name: auth_group_permissions; Type: TABLE DATA; Schema: public; Owner: cotripperuser
--

COPY public.auth_group_permissions (id, group_id, permission_id) FROM stdin;
\.


--
-- Data for Name: auth_permission; Type: TABLE DATA; Schema: public; Owner: cotripperuser
--

COPY public.auth_permission (id, name, content_type_id, codename) FROM stdin;
1	Can add log entry	1	add_logentry
2	Can change log entry	1	change_logentry
3	Can delete log entry	1	delete_logentry
4	Can view log entry	1	view_logentry
5	Can add permission	2	add_permission
6	Can change permission	2	change_permission
7	Can delete permission	2	delete_permission
8	Can view permission	2	view_permission
9	Can add group	3	add_group
10	Can change group	3	change_group
11	Can delete group	3	delete_group
12	Can view group	3	view_group
13	Can add content type	4	add_contenttype
14	Can change content type	4	change_contenttype
15	Can delete content type	4	delete_contenttype
16	Can view content type	4	view_contenttype
17	Can add session	5	add_session
18	Can change session	5	change_session
19	Can delete session	5	delete_session
20	Can view session	5	view_session
21	Can add user	6	add_customuser
22	Can change user	6	change_customuser
23	Can delete user	6	delete_customuser
24	Can view user	6	view_customuser
25	Can add profile	7	add_profile
26	Can change profile	7	change_profile
27	Can delete profile	7	delete_profile
28	Can view profile	7	view_profile
29	Can add social media type	8	add_socialmediatype
30	Can change social media type	8	change_socialmediatype
31	Can delete social media type	8	delete_socialmediatype
32	Can view social media type	8	view_socialmediatype
33	Can add profile social media	9	add_profilesocialmedia
34	Can change profile social media	9	change_profilesocialmedia
35	Can delete profile social media	9	delete_profilesocialmedia
36	Can view profile social media	9	view_profilesocialmedia
37	Can add auth token	10	add_authtoken
38	Can change auth token	10	change_authtoken
39	Can delete auth token	10	delete_authtoken
40	Can view auth token	10	view_authtoken
41	Can add group	11	add_group
42	Can change group	11	change_group
43	Can delete group	11	delete_group
44	Can view group	11	view_group
45	Can add topic	12	add_topic
46	Can change topic	12	change_topic
47	Can delete topic	12	delete_topic
48	Can view topic	12	view_topic
49	Can add media	13	add_media
50	Can change media	13	change_media
51	Can delete media	13	delete_media
52	Can view media	13	view_media
53	Can add event	14	add_event
54	Can change event	14	change_event
55	Can delete event	14	delete_event
56	Can view event	14	view_event
57	Can add hashtag	15	add_hashtag
58	Can change hashtag	15	change_hashtag
59	Can delete hashtag	15	delete_hashtag
60	Can view hashtag	15	view_hashtag
61	Can add location	16	add_location
62	Can change location	16	change_location
63	Can delete location	16	delete_location
64	Can view location	16	view_location
65	Can add trip	17	add_trip
66	Can change trip	17	change_trip
67	Can delete trip	17	delete_trip
68	Can view trip	17	view_trip
69	Can add activity	18	add_activity
70	Can change activity	18	change_activity
71	Can delete activity	18	delete_activity
72	Can view activity	18	view_activity
73	Can add country	19	add_country
74	Can change country	19	change_country
75	Can delete country	19	delete_country
76	Can view country	19	view_country
77	Can add state	20	add_state
78	Can change state	20	change_state
79	Can delete state	20	delete_state
80	Can view state	20	view_state
81	Can add post	21	add_post
82	Can change post	21	change_post
83	Can delete post	21	delete_post
84	Can view post	21	view_post
\.


--
-- Data for Name: community_event; Type: TABLE DATA; Schema: public; Owner: cotripperuser
--

COPY public.community_event (id, title, group_id, location_id) FROM stdin;
1	EuroTrip Happy Hour	1	1
2	EuroTrip Happy Hour	2	2
3	EuroTrip Happy Hour	3	3
\.


--
-- Data for Name: community_group; Type: TABLE DATA; Schema: public; Owner: cotripperuser
--

COPY public.community_group (id, title, description) FROM stdin;
1	Moms in DC	Ladies others the six desire age. Bred am soon park past read by lain. As excuse eldest no moment. An delight beloved up garrets am cottage private.
2	Moms in NYC	Ladies others the six desire age. Bred am soon park past read by lain. As excuse eldest no moment. An delight beloved up garrets am cottage private.
3	Moms in Philadelphia	Ladies others the six desire age. Bred am soon park past read by lain. As excuse eldest no moment. An delight beloved up garrets am cottage private.
\.


--
-- Data for Name: community_hashtag; Type: TABLE DATA; Schema: public; Owner: cotripperuser
--

COPY public.community_hashtag (id, title, description) FROM stdin;
1	#mommywins	Lorem Ipsum
2	#beyourbestself	Lorem Ipsum
3	#eurotrip	Lorem Ipsum
\.


--
-- Data for Name: community_media; Type: TABLE DATA; Schema: public; Owner: cotripperuser
--

COPY public.community_media (id, title, image, group_id, "time", hashtag_id, author_id) FROM stdin;
1	En Route	https://www.azom.com/images/Article_Images/ImageForArticle_12117(1).jpg	3	2020-04-07	1	\N
\.


--
-- Data for Name: community_media_topics; Type: TABLE DATA; Schema: public; Owner: cotripperuser
--

COPY public.community_media_topics (id, media_id, topic_id) FROM stdin;
1	1	1
2	1	2
\.


--
-- Data for Name: community_topic; Type: TABLE DATA; Schema: public; Owner: cotripperuser
--

COPY public.community_topic (id, title, description) FROM stdin;
1	Budgeting	How to budget accordingly for your dream destination
2	Parenting	Tips and Tricks for dealing with your kids
3	Infants	Raising babies: How to
\.


--
-- Data for Name: django_admin_log; Type: TABLE DATA; Schema: public; Owner: cotripperuser
--

COPY public.django_admin_log (id, action_time, object_id, object_repr, action_flag, change_message, content_type_id, user_id) FROM stdin;
\.


--
-- Data for Name: django_content_type; Type: TABLE DATA; Schema: public; Owner: cotripperuser
--

COPY public.django_content_type (id, app_label, model) FROM stdin;
1	admin	logentry
2	auth	permission
3	auth	group
4	contenttypes	contenttype
5	sessions	session
6	accounts	customuser
7	accounts	profile
8	accounts	socialmediatype
9	accounts	profilesocialmedia
10	knox	authtoken
11	community	group
12	community	topic
13	community	media
14	community	event
15	community	hashtag
16	trip	location
17	trip	trip
18	trip	activity
19	trip	country
20	trip	state
21	forum	post
\.


--
-- Data for Name: django_migrations; Type: TABLE DATA; Schema: public; Owner: cotripperuser
--

COPY public.django_migrations (id, app, name, applied) FROM stdin;
1	trip	0001_initial	2020-05-21 16:36:21.02756-04
2	trip	0002_trip_location	2020-05-21 16:36:21.037503-04
3	trip	0003_auto_20200402_1844	2020-05-21 16:36:21.061093-04
4	contenttypes	0001_initial	2020-05-21 16:36:21.078576-04
5	contenttypes	0002_remove_content_type_name	2020-05-21 16:36:21.088601-04
6	auth	0001_initial	2020-05-21 16:36:21.105134-04
7	auth	0002_alter_permission_name_max_length	2020-05-21 16:36:21.11753-04
8	auth	0003_alter_user_email_max_length	2020-05-21 16:36:21.122577-04
9	auth	0004_alter_user_username_opts	2020-05-21 16:36:21.128265-04
10	auth	0005_alter_user_last_login_null	2020-05-21 16:36:21.134424-04
11	auth	0006_require_contenttypes_0002	2020-05-21 16:36:21.136229-04
12	auth	0007_alter_validators_add_error_messages	2020-05-21 16:36:21.142031-04
13	auth	0008_alter_user_username_max_length	2020-05-21 16:36:21.149118-04
14	auth	0009_alter_user_last_name_max_length	2020-05-21 16:36:21.15484-04
15	auth	0010_alter_group_name_max_length	2020-05-21 16:36:21.16022-04
16	auth	0011_update_proxy_permissions	2020-05-21 16:36:21.167522-04
17	accounts	0001_initial	2020-05-21 16:36:21.192749-04
18	trip	0004_auto_20200402_1934	2020-05-21 16:36:21.243146-04
19	community	0001_initial	2020-05-21 16:36:21.34362-04
20	community	0002_auto_20200403_0339	2020-05-21 16:36:21.408379-04
21	community	0003_auto_20200403_0341	2020-05-21 16:36:21.469838-04
22	community	0004_auto_20200403_2012	2020-05-21 16:36:21.490438-04
23	community	0005_auto_20200406_1920	2020-05-21 16:36:21.59115-04
24	cotrip_app	0001_initial	2020-05-21 16:36:21.599456-04
25	accounts	0002_profile_topics	2020-05-21 16:36:21.619537-04
26	accounts	0003_auto_20200406_1605	2020-05-21 16:36:21.646854-04
27	accounts	0004_profile_activities	2020-05-21 16:36:21.66621-04
28	trip	0005_auto_20200406_1920	2020-05-21 16:36:21.795229-04
29	trip	0006_remove_location_people	2020-05-21 16:36:21.819168-04
30	trip	0007_auto_20200513_1918	2020-05-21 16:36:21.966845-04
31	trip	0008_auto_20200513_1927	2020-05-21 16:36:22.058926-04
32	trip	0009_auto_20200514_1638	2020-05-21 16:36:22.126623-04
33	accounts	0005_auto_20200407_2006	2020-05-21 16:36:22.299996-04
34	accounts	0006_auto_20200407_2139	2020-05-21 16:36:22.336373-04
35	accounts	0007_auto_20200408_1809	2020-05-21 16:36:22.359263-04
36	accounts	0005_auto_20200409_1241	2020-05-21 16:36:22.375162-04
37	accounts	0008_merge_20200410_1438	2020-05-21 16:36:22.376637-04
38	accounts	0009_auto_20200410_1526	2020-05-21 16:36:22.443884-04
39	accounts	0010_auto_20200513_1918	2020-05-21 16:36:22.513472-04
40	accounts	0011_remove_customuser_is_subscriber	2020-05-21 16:36:22.683017-04
41	accounts	0012_auto_20200514_1814	2020-05-21 16:36:22.737427-04
42	accounts	0013_remove_profile_trips	2020-05-21 16:36:22.761618-04
43	accounts	0010_auto_20200514_1445	2020-05-21 16:36:22.787561-04
44	accounts	0011_auto_20200514_1447	2020-05-21 16:36:22.812947-04
45	accounts	0012_auto_20200514_1447	2020-05-21 16:36:22.836237-04
46	accounts	0013_merge_20200518_1852	2020-05-21 16:36:22.837849-04
47	accounts	0014_merge_20200518_2025	2020-05-21 16:36:22.839504-04
48	admin	0001_initial	2020-05-21 16:36:22.863864-04
49	admin	0002_logentry_remove_auto_add	2020-05-21 16:36:22.879679-04
50	admin	0003_logentry_add_action_flag_choices	2020-05-21 16:36:22.890636-04
51	community	0006_media_author	2020-05-21 16:36:22.914488-04
52	cotrip_app	0002_delete_topic	2020-05-21 16:36:22.919553-04
53	forum	0001_initial	2020-05-21 16:36:23.012617-04
54	forum	0002_auto_20200409_1409	2020-05-21 16:36:23.116201-04
55	forum	0003_auto_20200409_1415	2020-05-21 16:36:23.138775-04
56	forum	0004_auto_20200409_1801	2020-05-21 16:36:23.173614-04
57	knox	0001_initial	2020-05-21 16:36:23.199055-04
58	knox	0002_auto_20150916_1425	2020-05-21 16:36:23.274893-04
59	knox	0003_auto_20150916_1526	2020-05-21 16:36:23.30306-04
60	knox	0004_authtoken_expires	2020-05-21 16:36:23.316537-04
61	knox	0005_authtoken_token_key	2020-05-21 16:36:23.33033-04
62	knox	0006_auto_20160818_0932	2020-05-21 16:36:23.374211-04
63	knox	0007_auto_20190111_0542	2020-05-21 16:36:23.396479-04
64	sessions	0001_initial	2020-05-21 16:36:23.402281-04
65	trip	0010_auto_20200514_1911	2020-05-21 16:36:23.445023-04
66	trip	0011_auto_20200515_1909	2020-05-21 16:36:23.585854-04
67	trip	0012_remove_trip_attendees	2020-05-21 16:36:23.629108-04
68	trip	0012_trip_overview	2020-05-21 16:36:23.646568-04
69	trip	0013_trip_imageurls	2020-05-21 16:36:23.658898-04
\.


--
-- Data for Name: django_session; Type: TABLE DATA; Schema: public; Owner: cotripperuser
--

COPY public.django_session (session_key, session_data, expire_date) FROM stdin;
\.


--
-- Data for Name: forum_post; Type: TABLE DATA; Schema: public; Owner: cotripperuser
--

COPY public.forum_post (id, title, "time", body, likes, author_id, post_type) FROM stdin;
1	Sed ut perspiciatis unde omnis?	2020-04-09 16:10:06.819989-04	Sed ut perspiciatis unde omnis iste natus error sit voluptatem accusantium doloremque laudantium, totam rem aperiam, eaque ipsa quae ab illo inventore veritatis et quasi architecto beatae vitae dicta sunt explicabo. Nemo enim ipsam voluptatem quia voluptas sit aspernatur aut odit aut fugit	0	1	Post
2	Lorem ipsum dolor sit amet	2020-04-09 16:13:15.180134-04	Lorem ipsum dolor sit amet, consectetur adipiscing elit, sed do eiusmod tempor incididunt ut labore et dolore magna aliqua. Ut enim ad minim veniam, quis nostrud exercitation ullamco laboris nisi ut aliquip ex ea commodo consequat.	0	2	Post
3	Duis aute irure dolor	2020-04-09 16:13:15.180134-04	Duis aute irure dolor in reprehenderit in voluptate velit esse cillum dolore eu fugiat nulla pariatur. Excepteur sint occaecat cupidatat non proident, sunt in culpa qui officia deserunt mollit anim id est laborum.	0	3	Post
4	Nemo enim ipsam voluptatem	2020-04-09 16:13:15.180134-04	Nemo enim ipsam voluptatem quia voluptas sit aspernatur aut odit aut fugit, sed quia consequuntur magni dolores eos qui ratione voluptatem sequi nesciunt.	0	5	Post
5	Neque porro quisquam est	2020-04-09 16:13:15.180134-04	Neque porro quisquam est, qui dolorem ipsum quia dolor sit amet, consectetur, adipisci velit, sed quia non numquam eius modi tempora incidunt ut labore et dolore magnam aliquam quaerat voluptatem.	0	4	Post
6	Ut enim ad minima veniam	2020-04-09 16:13:15.180134-04	Ut enim ad minima veniam, quis nostrum exercitationem ullam corporis suscipit laboriosam, nisi ut aliquid ex ea commodi consequatur? 	0	1	Comment
7	Quis autem vel eum iure	2020-04-09 16:13:15.180134-04	Quis autem vel eum iure reprehenderit qui in ea voluptate velit esse quam nihil molestiae consequatur, vel illum qui dolorem eum fugiat quo voluptas nulla pariatur?	0	2	Comment
8	At vero eos et accusamus	2020-04-09 16:13:15.180134-04	At vero eos et accusamus et iusto odio dignissimos ducimus qui blanditiis praesentium voluptatum.	0	3	Comment
9	Deleniti atque corrupti	2020-04-09 16:13:15.180134-04	Deleniti atque corrupti quos dolores et quas molestias excepturi sint.	0	4	Comment
10	Occaecati cupiditate non provident.	2020-04-09 16:13:15.180134-04	Occaecati cupiditate non provident, similique sunt in culpa qui officia.	0	1	Comment
11	Deserunt mollitia animi	2020-04-09 16:13:15.180134-04	Deserunt mollitia animi, id est laborum et dolorum fuga.	0	1	Reply
12	Et harum quidem	2020-04-09 16:13:15.180134-04	Et harum quidem rerum facilis est et expedita distinctio.	0	2	Reply
13	Nam libero tempore	2020-04-09 16:13:15.180134-04	Nam libero tempore, cum soluta nobis est eligendi optio cumque nihil impedit quo minus id quod maxime placeat facere possimus.	0	3	Reply
14	Omnis voluptas assumenda est	2020-04-09 16:13:15.180134-04	Omnis voluptas assumenda est, omnis dolor repellendus.	0	4	Reply
15	Temporibus autem quibusdam	2020-04-09 16:13:15.180134-04	Temporibus autem quibusdam et aut officiis debitis aut rerum.	0	5	Reply
\.


--
-- Data for Name: forum_post_parent; Type: TABLE DATA; Schema: public; Owner: cotripperuser
--

COPY public.forum_post_parent (id, from_post_id, to_post_id) FROM stdin;
1	6	1
2	1	6
3	7	2
4	2	7
5	8	3
6	3	8
7	9	4
8	4	9
9	10	5
10	5	10
11	11	6
12	6	11
13	12	7
14	7	12
15	13	8
16	8	13
17	14	9
18	9	14
19	15	10
20	10	15
\.


--
-- Data for Name: knox_authtoken; Type: TABLE DATA; Schema: public; Owner: cotripperuser
--

COPY public.knox_authtoken (digest, salt, created, user_id, expiry, token_key) FROM stdin;
\.


--
-- Data for Name: trip_activity; Type: TABLE DATA; Schema: public; Owner: cotripperuser
--

COPY public.trip_activity (id, for_kids, for_moms, title, date, description, "time", location_id) FROM stdin;
1	f	t	Wine Tasting	2022-04-20	An expert sommelier will teach the group about the wines offered at each vineyard visited.	12:00:00	6
2	f	t	Vineyard Tour	2022-04-20	A staff member will show the group a tour of the vineyard from vine to cask at each vineyard visited.	12:00:00	6
3	t	t	Hay Ride	2022-04-23	A ride around the hills of Sonoma.	16:00:00	7
4	t	t	Trail Hike	2022-04-26	Hike the Glen Canyon Park Trail as a group!	15:00:00	2
5	t	t	Toyosu Market	2021-06-16	Visit the market that replaced the Tsukiji Market to learn about different fish and produce available in Japan!	12:00:00	1
6	t	t	National Museum of Nature and Science	2021-06-18	Explore the wonders of Tokyo's National Museum of Nature and Science with your little one(s).	10:00:00	1
7	t	t	Shinjuku Gyoen National Garden	2021-06-19	Japan is famous for its intricate and perfectly-crafted gardens. On this trip, we will explore the Shinjuku Gyoen National Garden, arguably the most beautiful garden in the world!	11:00:00	1
8	t	t	Art Walk	2022-11-13	A tour of the famous art galleries and murals around Santa Fe	14:00:00	3
9	t	t	Meow Wolf	2022-11-14	Come explore one of the wildest and most interactive art exhibits in the world, filled with incredible color and creativity.	11:00:00	3
10	t	t	Jewelry-Making Class	2022-11-01	Enjoy a three-hour jewelry making class with one of Taos' most renowned artists.	14:00:00	5
11	f	t	Tequila Tasting	2022-11-15	Enjoy a tasting of an array of tequilas made in New Mexico and the surraounding areas.	17:30:00	3
\.


--
-- Data for Name: trip_country; Type: TABLE DATA; Schema: public; Owner: cotripperuser
--

COPY public.trip_country (id, name, code) FROM stdin;
1	United States of America	US
2	Japan	JP
\.


--
-- Data for Name: trip_location; Type: TABLE DATA; Schema: public; Owner: cotripperuser
--

COPY public.trip_location (id, name, state_id, country_id) FROM stdin;
1	Abbeville	18	1
2	Aberdeen	20	1
3	Aberdeen	24	1
4	Aberdeen	41	1
5	Aberdeen	47	1
6	Abilene	43	1
7	Abilene	16	1
8	Abingdon	46	1
9	Abington	21	1
10	Abington	21	1
11	Absecon	30	1
12	Accokeek	20	1
13	Acton	21	1
14	Acushnet	21	1
15	Acworth	10	1
16	Ada	36	1
17	Adams	21	1
18	Addison	13	1
19	Addison	43	1
20	Adelanto	5	1
21	Adelphi	20	1
22	Adrian	22	1
23	Affton	25	1
24	Agawam	21	1
25	Agoura Hills	5	1
26	Ahuimanu	11	1
27	Aiea	11	1
28	Aiken	40	1
29	Air Force Academy	6	1
30	Airmont	32	1
31	Akron	35	1
32	Alabaster	1	1
33	Alachua	9	1
34	Alameda	5	1
35	Alamo	5	1
36	Alamo	43	1
37	Alamo Heights	43	1
38	Alamogordo	31	1
39	Alamosa	6	1
40	Albany	10	1
41	Albany	5	1
42	Albany	32	1
43	Albany	37	1
44	Albemarle	33	1
45	Albert Lea	23	1
46	Albertville	1	1
47	Albion	22	1
48	Albion	32	1
49	Albion	32	1
50	Albuquerque	31	1
51	Alcoa	42	1
52	Alden	32	1
53	Alderwood Manor	47	1
54	Aldine	43	1
55	Alexander City	1	1
56	Alexandria	14	1
57	Alexandria	23	1
58	Alexandria	17	1
59	Alexandria	18	1
60	Alexandria	46	1
61	Algonquin	13	1
62	Alhambra	5	1
63	Alice	43	1
64	Aliquippa	38	1
65	Aliso Viejo	5	1
66	Allegany	32	1
67	Allen	43	1
68	Allen Park	22	1
69	Allendale	22	1
70	Allendale	30	1
71	Allentown	38	1
72	Alliance	35	1
73	Alliance	27	1
74	Allouez	49	1
75	Alma	22	1
76	Aloha	37	1
77	Alondra Park	5	1
78	Alpena	22	1
79	Alpharetta	10	1
80	Alpine	5	1
81	Alpine	44	1
82	Alsip	13	1
83	Alta Sierra	5	1
84	Altadena	5	1
85	Altamont	37	1
86	Altamont	32	1
87	Altamonte Springs	9	1
88	Alton	13	1
89	Altoona	15	1
90	Altoona	38	1
91	Altoona	49	1
92	Altus	36	1
93	Alum Rock	5	1
94	Alvin	43	1
95	Amarillo	43	1
96	Ambler	38	1
97	Ambridge	38	1
98	American Canyon	5	1
99	American Fork	44	1
100	Americus	10	1
101	Ames	15	1
102	Amesbury	21	1
103	Amesbury	21	1
104	Amherst	29	1
105	Amherst	21	1
106	Amherst	35	1
107	Amherst	32	1
108	Amherst Center	21	1
109	Amityville	32	1
110	Ammon	12	1
111	Amory	24	1
112	Amsterdam	32	1
113	Anaconda-Deer Lodge County	26	1
114	Anacortes	47	1
115	Anadarko	36	1
116	Anaheim	5	1
117	Anchorage	2	1
118	Andalusia	1	1
119	Anderson	5	1
120	Anderson	14	1
121	Anderson	40	1
122	Anderson Mill	43	1
123	Andover	9	1
124	Andover	23	1
125	Andover	21	1
126	Andover	16	1
127	Andover	21	1
128	Andrews	43	1
129	Andrews AFB	20	1
130	Angleton	43	1
131	Angola	14	1
132	Ankeny	15	1
133	Ann Arbor	22	1
134	Annandale	46	1
135	Annapolis	20	1
136	Anniston	1	1
137	Anoka	23	1
138	Ansonia	7	1
139	Ansonia	7	1
140	Anthony	31	1
141	Antigo	49	1
142	Antioch	13	1
143	Antioch	5	1
144	Apache Junction	3	1
145	Apex	33	1
146	Apollo Beach	9	1
147	Apopka	9	1
148	Apple Valley	5	1
149	Apple Valley	23	1
150	Appleton	49	1
151	Applewood	6	1
152	Aptos	5	1
153	Aquia Harbour	46	1
154	Arab	1	1
155	Arabi	18	1
156	Aransas Pass	43	1
157	Arbutus	20	1
158	Arcadia	5	1
159	Arcadia	9	1
160	Arcadia	32	1
161	Arcata	5	1
162	Archbald	38	1
163	Archdale	33	1
164	Arden Hills	23	1
165	Arden-Arcade	5	1
166	Ardmore	36	1
167	Ardmore	38	1
168	Arkadelphia	4	1
169	Arkansas City	16	1
170	Arlington	21	1
171	Arlington	21	1
172	Arlington	43	1
173	Arlington	32	1
174	Arlington	46	1
175	Arlington	47	1
176	Arlington Heights	13	1
177	Arnold	25	1
178	Arnold	20	1
179	Arroyo Grande	5	1
180	Artesia	5	1
181	Artesia	31	1
182	Artondale	47	1
183	Arvada	6	1
184	Arvin	5	1
185	Asbury Park	30	1
186	Asheboro	33	1
187	Asheville	33	1
188	Ashland	37	1
189	Ashland	35	1
190	Ashland	46	1
191	Ashland	49	1
192	Ashland	30	1
193	Ashland	21	1
194	Ashland	17	1
195	Ashland	5	1
196	Ashtabula	35	1
197	Ashwaubenon	49	1
198	Aspen Hill	20	1
199	Astoria	37	1
200	Atascadero	5	1
201	Atascocita	43	1
202	Atchison	16	1
203	Athens	1	1
204	Athens	43	1
205	Athens	42	1
206	Athens	35	1
207	Athens-Clarke County	10	1
208	Atherton	5	1
209	Athol	21	1
210	Athol	21	1
211	Atkinson	29	1
212	Atlanta	10	1
213	Atlantic	15	1
214	Atlantic Beach	9	1
215	Atlantic City	30	1
216	Atmore	1	1
217	Attalla	1	1
218	Attica	32	1
219	Attleboro	21	1
220	Atwater	5	1
221	Auburn	5	1
222	Auburn	1	1
223	Auburn	10	1
224	Auburn	14	1
225	Auburn	21	1
226	Auburn	19	1
227	Auburn	32	1
228	Auburn	47	1
229	Auburn Hills	22	1
230	Auburndale	9	1
231	Audubon	30	1
232	Audubon	38	1
233	August	5	1
234	Augusta	19	1
235	Augusta	16	1
236	Augusta-Richmond County	10	1
237	Aurora	13	1
238	Aurora	6	1
239	Aurora	25	1
240	Aurora	32	1
241	Aurora	35	1
242	Austin	43	1
243	Austin	23	1
244	Austintown	35	1
245	Avenal	5	1
246	Avenel	30	1
247	Aventura	9	1
248	Avocado Heights	5	1
249	Avon	7	1
250	Avon	14	1
251	Avon	35	1
252	Avon	32	1
253	Avon Lake	35	1
254	Avon Park	9	1
255	Avondale	3	1
256	Ayer	21	1
257	Azalea Park	9	1
258	Azle	43	1
259	Aztec	31	1
260	Azusa	5	1
261	Babylon	32	1
262	Babylon	32	1
263	Back Mountain	38	1
264	Bacliff	43	1
265	Baileys Crossroads	46	1
266	Bainbridge	10	1
267	Bainbridge Island	47	1
268	Baker	18	1
269	Baker City	37	1
270	Bakersfield	5	1
271	Balch Springs	43	1
272	Baldwin	38	1
273	Baldwin	32	1
274	Baldwin Harbor	32	1
275	Baldwin Park	5	1
276	Baldwinsville	32	1
277	Ballenger Creek	20	1
278	Ballston	32	1
279	Ballwin	25	1
280	Baltimore	20	1
281	Bangor	19	1
282	Bangor Trident Base	47	1
283	Banning	5	1
284	Baraboo	49	1
285	Barberton	35	1
286	Barclay-Kingston	30	1
287	Bardstown	17	1
288	Barnhart	25	1
289	Barnstable Town	21	1
290	Barre	45	1
291	Barre	45	1
292	Barrington	39	1
293	Barrington	39	1
294	Barrington	30	1
295	Barrington	29	1
296	Barrington	13	1
297	Barstow	5	1
298	Bartlesville	36	1
299	Bartlett	13	1
300	Bartlett	42	1
301	Barton	32	1
302	Bartonville	13	1
303	Bartow	9	1
304	Bastrop	18	1
305	Batavia	13	1
306	Batavia	32	1
307	Batesville	24	1
308	Batesville	14	1
309	Batesville	4	1
310	Bath	19	1
311	Bath	32	1
312	Baton Rouge	18	1
313	Battle Creek	22	1
314	Battle Ground	47	1
315	Bay City	43	1
316	Bay City	22	1
317	Bay Minette	1	1
318	Bay Point	5	1
319	Bay Shore	32	1
320	Bay St. Louis	24	1
321	Bay Village	35	1
322	Bayonet Point	9	1
323	Bayonne	30	1
324	Bayou Cane	18	1
325	Bayport	32	1
326	Bayshore Gardens	9	1
327	Baytown	43	1
328	Bayville	32	1
329	Baywood	32	1
330	Baywood-Los Osos	5	1
331	Beach Park	13	1
332	Beachwood	35	1
333	Beachwood	30	1
334	Beacon	32	1
335	Beacon Square	9	1
336	Bear	8	1
337	Beatrice	27	1
338	Beaufort	40	1
339	Beaumont	43	1
340	Beaumont	5	1
341	Beaver Dam	49	1
342	Beaver Falls	38	1
343	Beavercreek	35	1
344	Beaverton	37	1
345	Beckett Ridge	35	1
346	Beckley	48	1
347	Bedford	46	1
348	Bedford	43	1
349	Bedford	35	1
350	Bedford	32	1
351	Bedford	29	1
352	Bedford	21	1
353	Bedford	14	1
354	Bedford Heights	35	1
355	Bee Ridge	9	1
356	Beech Grove	14	1
357	Beecher	22	1
358	Beekman	32	1
359	Beeville	43	1
360	Bel Air	20	1
361	Bel Air North	20	1
362	Bel Air South	20	1
363	Belchertown	21	1
364	Belen	31	1
365	Belfast	19	1
366	Bell	5	1
367	Bell Gardens	5	1
368	Bella Vista	4	1
369	Bellair-Meadowbrook Terrace	9	1
370	Bellaire	43	1
371	Bellbrook	35	1
372	Belle Chasse	18	1
373	Belle Glade	9	1
374	Belle Haven	46	1
375	Bellefontaine	35	1
376	Bellefontaine Neighbors	25	1
377	Bellefonte	38	1
378	Belleville	30	1
379	Belleville	13	1
380	Bellevue	17	1
381	Bellevue	27	1
382	Bellevue	35	1
383	Bellevue	38	1
384	Bellevue	49	1
385	Bellevue	47	1
386	Bellevue Town	49	1
387	Bellflower	5	1
388	Bellingham	21	1
389	Bellingham	47	1
390	Bellmawr	30	1
391	Bellmead	43	1
392	Bellmore	32	1
393	Bellview	9	1
394	Bellwood	13	1
395	Belmar	30	1
396	Belmont	21	1
397	Belmont	21	1
398	Belmont	29	1
399	Belmont	33	1
400	Belmont	5	1
401	Beloit	49	1
402	Beloit	49	1
403	Belpre	35	1
404	Belton	25	1
405	Belton	43	1
406	Beltsville	20	1
407	Belvedere Park	10	1
408	Belvidere	13	1
409	Bemidji	23	1
410	Benbrook	43	1
411	Bend	37	1
412	Benicia	5	1
413	Bennettsville	40	1
414	Bennington	45	1
415	Bennington	45	1
416	Bennsville	20	1
417	Bensenville	13	1
418	Benton	13	1
419	Benton	4	1
420	Benton Harbor	22	1
421	Bentonville	4	1
422	Berea	17	1
423	Berea	35	1
424	Berea	40	1
425	Bergenfield	30	1
426	Berkeley	25	1
427	Berkeley	5	1
428	Berkeley Heights	30	1
429	Berkley	22	1
430	Berkley	6	1
431	Berlin	7	1
432	Berlin	30	1
433	Berlin	29	1
434	Bermuda Dunes	5	1
435	Bernalillo	31	1
436	Bernardsville	30	1
437	Berwick	19	1
438	Berwick	38	1
439	Berwyn	13	1
440	Bessemer	1	1
441	Bethalto	13	1
442	Bethany	36	1
443	Bethel	7	1
444	Bethel	7	1
445	Bethel Park	38	1
446	Bethesda	20	1
447	Bethlehem	32	1
448	Bethlehem	38	1
449	Bethpage	32	1
450	Bettendorf	15	1
451	Beverly	21	1
452	Beverly Hills	22	1
453	Beverly Hills	9	1
454	Beverly Hills	5	1
455	Bexley	35	1
456	Biddeford	19	1
457	Big Flats	32	1
458	Big Lake	23	1
459	Big Rapids	22	1
460	Big Spring	43	1
461	Billerica	21	1
462	Billings	26	1
463	Biloxi	24	1
464	Binghamton	32	1
465	Birmingham	22	1
466	Birmingham	1	1
467	Bisbee	3	1
468	Bismarck	34	1
469	Bixby	36	1
470	Black Forest	6	1
471	Black Jack	25	1
472	Black Mountain	33	1
473	Blackfoot	12	1
474	Blackhawk-Camino Tassajara	5	1
475	Blacklick Estates	35	1
476	Blacksburg	46	1
477	Blackstone	21	1
478	Blackwell	36	1
479	Bladensburg	20	1
480	Blaine	23	1
481	Blair	27	1
482	Blakely	38	1
483	Bloomfield	30	1
484	Bloomfield	31	1
485	Bloomfield	7	1
486	Bloomfield Township	22	1
487	Blooming Grove	32	1
488	Bloomingdale	30	1
489	Bloomingdale	9	1
490	Bloomingdale	13	1
491	Bloomingdale	42	1
492	Bloomington	13	1
493	Bloomington	14	1
494	Bloomington	5	1
495	Bloomington	23	1
496	Bloomsburg	38	1
497	Blue Ash	35	1
498	Blue Bell	38	1
499	Blue Island	13	1
500	Blue Springs	25	1
501	Bluefield	48	1
502	Bluffton	14	1
503	Blythe	5	1
504	Blytheville	4	1
505	Boardman	35	1
506	Boaz	1	1
507	Boca Del Mar	9	1
508	Boca Raton	9	1
509	Boerne	43	1
510	Bogalusa	18	1
511	Bogota	30	1
512	Bohemia	32	1
513	Boise City	12	1
514	Bolingbrook	13	1
515	Bolivar	25	1
516	Bon Air	46	1
517	Bonadelle Ranchos-Madera Ranchos	5	1
518	Bonham	43	1
519	Bonita	5	1
520	Bonita Springs	9	1
521	Bonner Springs	16	1
522	Bonney Lake	47	1
523	Boone	15	1
524	Boone	33	1
525	Booneville	24	1
526	Boonton	30	1
527	Boonville	25	1
528	Boonville	14	1
529	Borger	43	1
530	Bossier City	18	1
531	Boston	21	1
532	Boston	32	1
533	Bostonia	5	1
534	Bothell	47	1
535	Boulder	6	1
536	Boulder City	28	1
537	Boulder Hill	13	1
538	Bound Brook	30	1
539	Bountiful	44	1
540	Bourbonnais	13	1
541	Bourne	21	1
542	Bow	29	1
543	Bowie	20	1
544	Bowleys Quarters	20	1
545	Bowling Green	17	1
546	Bowling Green	35	1
547	Boxford	21	1
548	Boyes Hot Springs	5	1
549	Boynton Beach	9	1
550	Bozeman	26	1
551	Bradenton	9	1
552	Bradford	38	1
553	Bradley	13	1
554	Brainerd	23	1
555	Braintree	21	1
556	Braintree	21	1
557	Brandon	24	1
558	Brandon	9	1
559	Branford	7	1
560	Branson	25	1
561	Brattleboro	45	1
562	Brattleboro	45	1
563	Brawley	5	1
564	Brazil	14	1
565	Brea	5	1
566	Breaux Bridge	18	1
567	Brecksville	35	1
568	Bremerton	47	1
569	Brenham	43	1
570	Brent	9	1
571	Brentwood	5	1
572	Brentwood	32	1
573	Brentwood	25	1
574	Brentwood	38	1
575	Brentwood	42	1
576	Brevard	33	1
577	Brewer	19	1
578	Brewster	21	1
579	Briarcliff Manor	32	1
580	Bridge City	18	1
581	Bridge City	43	1
582	Bridgeport	48	1
583	Bridgeport	7	1
584	Bridgeport	7	1
585	Bridgeport	22	1
586	Bridgeton	25	1
587	Bridgeton	30	1
588	Bridgetown North	35	1
589	Bridgeview	13	1
590	Bridgewater	21	1
591	Bridgewater	21	1
592	Brier	47	1
593	Brigantine	30	1
594	Brigham City	44	1
595	Brighton	22	1
596	Brighton	32	1
597	Brighton	32	1
598	Brighton	6	1
599	Bristol	7	1
600	Bristol	7	1
601	Bristol	39	1
602	Bristol	42	1
603	Bristol	39	1
604	Bristol	46	1
605	Bristol	38	1
606	Broadview	13	1
607	Broadview Heights	35	1
608	Broadview Park	9	1
609	Brockport	32	1
610	Brockton	21	1
611	Broken Arrow	36	1
612	Bronxville	32	1
613	Brook Park	35	1
614	Brookfield	7	1
615	Brookfield	13	1
616	Brookfield	49	1
617	Brookfield	49	1
618	Brookhaven	38	1
619	Brookhaven	32	1
620	Brookhaven	24	1
621	Brookings	41	1
622	Brookline	21	1
623	Brookline	21	1
624	Brooklyn	35	1
625	Brooklyn	7	1
626	Brooklyn Center	23	1
627	Brooklyn Park	23	1
628	Brooklyn Park	20	1
629	Brookside	8	1
630	Brooksville	9	1
631	Broomall	38	1
632	Broomfield	6	1
633	Brown Deer	49	1
634	Brownfield	43	1
635	Browns Mills	30	1
636	Brownsburg	14	1
637	Brownsville	9	1
638	Brownsville	43	1
639	Brownsville	42	1
640	Brownsville-Bawcomville	18	1
641	Brownwood	43	1
642	Brunswick	19	1
643	Brunswick	19	1
644	Brunswick	10	1
645	Brunswick	35	1
646	Brunswick	32	1
647	Brushy Creek	43	1
648	Bryan	43	1
649	Bryan	35	1
650	Bryant	4	1
651	Bryn Mawr-Skyway	47	1
652	Buckeye	3	1
653	Bucyrus	35	1
654	Budd Lake	30	1
655	Buechel	17	1
656	Buena Park	5	1
657	Buena Vista	22	1
658	Buena Vista	46	1
659	Buffalo	23	1
660	Buffalo	32	1
661	Buffalo Grove	13	1
662	Buford	10	1
663	Bull Run	46	1
664	Bullhead City	3	1
665	Burbank	5	1
666	Burbank	13	1
667	Burien	47	1
668	Burkburnett	43	1
669	Burke	46	1
670	Burleson	43	1
671	Burley	12	1
672	Burlingame	5	1
673	Burlington	7	1
674	Burlington	17	1
675	Burlington	15	1
676	Burlington	33	1
677	Burlington	21	1
678	Burlington	21	1
679	Burlington	30	1
680	Burlington	45	1
681	Burlington	47	1
682	Burlington	49	1
683	Burlington	49	1
684	Burnsville	23	1
685	Burr Ridge	13	1
686	Burrillville	39	1
687	Burton	40	1
688	Burton	22	1
689	Burtonsville	20	1
690	Busti	32	1
691	Butler	30	1
692	Butler	38	1
693	Butte-Silver Bow	26	1
694	Buxton	19	1
695	Byram	24	1
696	Cabot	4	1
697	Cadillac	22	1
698	Cahokia	13	1
699	Cairo	10	1
700	Cairo	32	1
701	Calabasas	5	1
702	Caldwell	30	1
703	Caldwell	12	1
704	Caledonia	49	1
705	Calexico	5	1
706	Calhoun	10	1
707	California	20	1
708	California City	5	1
709	Calimesa	5	1
710	Calipatria	5	1
711	Callaway	9	1
712	Calumet City	13	1
713	Calumet Park	13	1
714	Calverton	20	1
715	Camano	47	1
716	Camarillo	5	1
717	Camas	47	1
718	Cambria	5	1
719	Cambridge	20	1
720	Cambridge	21	1
721	Cambridge	35	1
722	Camden	40	1
723	Camden	30	1
724	Camden	4	1
725	Cameron	25	1
726	Cameron Park	5	1
727	Camillus	32	1
728	Camp Hill	38	1
729	Camp Pendleton North	5	1
730	Camp Pendleton South	5	1
731	Camp Springs	20	1
732	Camp Verde	3	1
733	Campbell	5	1
734	Campbell	35	1
735	Campbellsville	17	1
736	Canandaigua	32	1
737	Canandaigua	32	1
738	Canby	37	1
739	Candler-McAfee	10	1
740	Canfield	35	1
741	Canon City	6	1
742	Canonsburg	38	1
743	Canton	35	1
744	Canton	10	1
745	Canton	13	1
746	Canton	7	1
747	Canton	32	1
748	Canton	24	1
749	Canton	21	1
750	Canton	22	1
751	Canyon	43	1
752	Canyon Lake	43	1
753	Canyon Lake	5	1
754	Canyon Rim	44	1
755	Cape Canaveral	9	1
756	Cape Coral	9	1
757	Cape Elizabeth	19	1
758	Cape Girardeau	25	1
759	Cape St. Claire	20	1
760	Capitola	5	1
761	Carbondale	13	1
762	Carbondale	38	1
763	Carencro	18	1
764	Caribou	19	1
765	Carlisle	38	1
766	Carlsbad	31	1
767	Carlsbad	5	1
768	Carmel	14	1
769	Carmel	32	1
770	Carmichael	5	1
771	Carnegie	38	1
772	Carney	20	1
773	Carneys Point	30	1
774	Carnot-Moon	38	1
775	Carol City	9	1
776	Carol Stream	13	1
777	Carpentersville	13	1
778	Carpinteria	5	1
779	Carrboro	33	1
780	Carroll	15	1
781	Carrollton	22	1
782	Carrollton	10	1
783	Carrollton	43	1
784	Carson	5	1
785	Carson City	28	1
786	Carteret	30	1
787	Cartersville	10	1
788	Carthage	25	1
789	Carthage	43	1
790	Caruthersville	25	1
791	Carver	21	1
792	Cary	13	1
793	Cary	33	1
794	Casa de Oro-Mount Helix	5	1
795	Casa Grande	3	1
796	Casas Adobes	3	1
797	Cascade-Fairwood	47	1
798	Casper	50	1
799	Casselberry	9	1
800	Castle Rock	6	1
801	Castle Shannon	38	1
802	Castlewood	6	1
803	Castro Valley	5	1
804	Castroville	5	1
805	Catalina	3	1
806	Catalina Foothills	3	1
807	Catasauqua	38	1
808	Cathedral City	5	1
809	Catonsville	20	1
810	Catskill	32	1
811	Cave Spring	46	1
812	Cayce	40	1
813	Cazenovia	32	1
814	Cedar City	44	1
815	Cedar Falls	15	1
816	Cedar Grove	30	1
817	Cedar Hill	43	1
818	Cedar Hills	37	1
819	Cedar Lake	14	1
820	Cedar Mill	37	1
821	Cedar Park	43	1
822	Cedar Rapids	15	1
823	Cedarburg	49	1
824	Cedarhurst	32	1
825	Cedartown	10	1
826	Celina	35	1
827	Center Line	22	1
828	Center Moriches	32	1
829	Center Point	1	1
830	Centereach	32	1
831	Centerville	35	1
832	Centerville	44	1
833	Central Falls	39	1
834	Central Islip	32	1
835	Central Manchester	7	1
836	Central Point	37	1
837	Centralia	47	1
838	Centralia	13	1
839	Centreville	46	1
840	Century Village	9	1
841	Ceres	5	1
842	Cerritos	5	1
843	Chalco	27	1
844	Chalmette	18	1
845	Chambersburg	38	1
846	Chamblee	10	1
847	Champaign	13	1
848	Champlin	23	1
849	Chandler	3	1
850	Chanhassen	23	1
851	Channahon	13	1
852	Channelview	43	1
853	Chantilly	46	1
854	Chanute	16	1
855	Chaparral	31	1
856	Chapel Hill	33	1
857	Chappaqua	32	1
858	Charles City	15	1
859	Charleston	13	1
860	Charleston	48	1
861	Charleston	40	1
862	Charlestown	39	1
863	Charlotte	33	1
864	Charlotte	22	1
865	Charlottesville	46	1
866	Charlton	21	1
867	Charter Oak	5	1
868	Chaska	23	1
869	Chatham	21	1
870	Chatham	30	1
871	Chatham	13	1
872	Chattanooga	42	1
873	Cheat Lake	48	1
874	Cheektowaga	32	1
875	Cheektowaga	32	1
876	Chehalis	47	1
877	Chelmsford	21	1
878	Chelsea	21	1
879	Chenango	32	1
880	Cheney	47	1
881	Cherry Hill Mall	30	1
882	Cherryland	5	1
883	Chesapeake	46	1
884	Chesapeake Ranch Estates-Drum Point	20	1
885	Cheshire	7	1
886	Chester	32	1
887	Chester	46	1
888	Chester	40	1
889	Chester	38	1
890	Chesterfield	25	1
891	Chesterton	14	1
892	Chestnut Ridge	32	1
893	Cheval	9	1
894	Cheverly	20	1
895	Cheviot	35	1
896	Chevy Chase	20	1
897	Cheyenne	50	1
898	Chicago	13	1
899	Chicago Heights	13	1
900	Chicago Ridge	13	1
901	Chickasaw	1	1
902	Chickasha	36	1
903	Chico	5	1
904	Chicopee	21	1
905	Childress	43	1
906	Chili	32	1
907	Chillicothe	25	1
908	Chillicothe	35	1
909	Chillum	20	1
910	Chino	5	1
911	Chino Hills	5	1
912	Chino Valley	3	1
913	Chippewa Falls	49	1
914	Choctaw	36	1
915	Chowchilla	5	1
916	Christiansburg	46	1
917	Chubbuck	12	1
918	Chula Vista	5	1
919	Cicero	13	1
920	Cicero	32	1
921	Cimarron Hills	6	1
922	Cincinnati	35	1
923	Cinco Ranch	43	1
924	Circleville	35	1
925	Citrus	5	1
926	Citrus Heights	5	1
927	Citrus Park	9	1
928	Citrus Ridge	9	1
929	City of The Dalles	37	1
930	Claiborne	18	1
931	Clairton	38	1
932	Clanton	1	1
933	Claremont	5	1
934	Claremont	29	1
935	Claremore	36	1
936	Clarence	32	1
937	Clarendon Hills	13	1
938	Clarion	38	1
939	Clark	30	1
940	Clarksburg	48	1
941	Clarksdale	24	1
942	Clarkson	32	1
943	Clarkston	10	1
944	Clarkston	47	1
945	Clarkston Heights-Vineland	47	1
946	Clarkstown	32	1
947	Clarksville	14	1
948	Clarksville	4	1
949	Clarksville	42	1
950	Claverack	32	1
951	Clawson	22	1
952	Clay	32	1
953	Claymont	8	1
954	Clayton	5	1
955	Clayton	25	1
956	Clayton	30	1
957	Clayton	35	1
958	Clayton	33	1
959	Clear Lake	15	1
960	Clearfield	38	1
961	Clearfield	44	1
962	Clearlake	5	1
963	Clearwater	9	1
964	Cleburne	43	1
965	Clemmons	33	1
966	Clemson	40	1
967	Clermont	9	1
968	Cleveland	24	1
969	Cleveland	42	1
970	Cleveland	43	1
971	Cleveland	35	1
972	Cleveland Heights	35	1
973	Clewiston	9	1
974	Cliffside Park	30	1
975	Clifton	30	1
976	Clifton	6	1
977	Clifton Heights	38	1
978	Clifton Park	32	1
979	Clinton	24	1
980	Clinton	25	1
981	Clinton	15	1
982	Clinton	20	1
983	Clinton	22	1
984	Clinton	21	1
985	Clinton	21	1
986	Clinton	7	1
987	Clinton	13	1
988	Clinton	36	1
989	Clinton	33	1
990	Clinton	42	1
991	Clinton	40	1
992	Clinton	44	1
993	Clive	15	1
994	Cloquet	23	1
995	Closter	30	1
996	Cloverdale	5	1
997	Cloverleaf	43	1
998	Cloverly	20	1
999	Clovis	31	1
1000	Clovis	5	1
1001	Clute	43	1
1002	Clyde	35	1
1003	Coachella	5	1
1004	Coalinga	5	1
1005	Coatesville	38	1
1006	Cobleskill	32	1
1007	Cochituate	21	1
1008	Cockeysville	20	1
1009	Cocoa	9	1
1010	Cocoa Beach	9	1
1011	Coconut Creek	9	1
1012	Cody	50	1
1013	Coeur dAlene	12	1
1014	Coeymans	32	1
1015	Coffeyville	16	1
1016	Cohasset	21	1
1017	Cohoes	32	1
1018	Colchester	45	1
1019	Colchester	7	1
1020	Coldwater	22	1
1021	Colesville	20	1
1022	College	2	1
1023	College Park	10	1
1024	College Park	20	1
1025	College Place	47	1
1026	College Station	43	1
1027	Collegedale	42	1
1028	Collegeville	38	1
1029	Colleyville	43	1
1030	Collier Manor-Cresthaven	9	1
1031	Collierville	42	1
1032	Collingdale	38	1
1033	Collingswood	30	1
1034	Collins	32	1
1035	Collinsville	13	1
1036	Collinsville	46	1
1037	Colonia	30	1
1038	Colonial Heights	46	1
1039	Colonial Heights	42	1
1040	Colonial Park	38	1
1041	Colonie	32	1
1042	Colonie	32	1
1043	Colorado Springs	6	1
1044	Colton	5	1
1045	Columbia	13	1
1046	Columbia	25	1
1047	Columbia	24	1
1048	Columbia	20	1
1049	Columbia	38	1
1050	Columbia	42	1
1051	Columbia	40	1
1052	Columbia City	14	1
1053	Columbia Heights	23	1
1054	Columbine	6	1
1055	Columbus	14	1
1056	Columbus	10	1
1057	Columbus	24	1
1058	Columbus	27	1
1059	Columbus	35	1
1060	Commack	32	1
1061	Commerce	43	1
1062	Commerce	5	1
1063	Commerce City	6	1
1064	Compton	5	1
1065	Comstock Park	22	1
1066	Concord	21	1
1067	Concord	25	1
1068	Concord	29	1
1069	Concord	32	1
1070	Concord	5	1
1071	Concord	33	1
1072	Congers	32	1
1073	Conley	10	1
1074	Conneaut	35	1
1075	Connellsville	38	1
1076	Connersville	14	1
1077	Conning Towers-Nautilus Park	7	1
1078	Conover	33	1
1079	Conroe	43	1
1080	Conshohocken	38	1
1081	Converse	43	1
1082	Conway	40	1
1083	Conway	9	1
1084	Conway	4	1
1085	Conway	29	1
1086	Conyers	10	1
1087	Cookeville	42	1
1088	Coolidge	3	1
1089	Coon Rapids	23	1
1090	Cooper City	9	1
1091	Coos Bay	37	1
1092	Copiague	32	1
1093	Coppell	43	1
1094	Copperas Cove	43	1
1095	Coral Gables	9	1
1096	Coral Hills	20	1
1097	Coral Springs	9	1
1098	Coral Terrace	9	1
1099	Coralville	15	1
1100	Coram	32	1
1101	Coraopolis	38	1
1102	Corbin	17	1
1103	Corcoran	5	1
1104	Cordele	10	1
1105	Corinth	24	1
1106	Corinth	43	1
1107	Cornelius	37	1
1108	Cornelius	33	1
1109	Corning	32	1
1110	Corning	32	1
1111	Corning	5	1
1112	Cornwall	32	1
1113	Corona	5	1
1114	Coronado	5	1
1115	Corpus Christi	43	1
1116	Corrales	31	1
1117	Corry	38	1
1118	Corsicana	43	1
1119	Corte Madera	5	1
1120	Cortez	6	1
1121	Cortland	32	1
1122	Cortland	35	1
1123	Cortlandt	32	1
1124	Cortlandville	32	1
1125	Corvallis	37	1
1126	Coshocton	35	1
1127	Costa Mesa	5	1
1128	Cotati	5	1
1129	Coto de Caza	5	1
1130	Cottage Grove	23	1
1131	Cottage Grove	37	1
1132	Cottage Lake	47	1
1133	Cottonwood	3	1
1134	Cottonwood Heights	44	1
1135	Cottonwood West	44	1
1136	Cottonwood-Verde Village	3	1
1137	Council Bluffs	15	1
1138	Country Club	5	1
1139	Country Club	9	1
1140	Country Club Estates	10	1
1141	Country Club Hills	13	1
1142	Country Walk	9	1
1143	Covedale	35	1
1144	Coventry	39	1
1145	Coventry	7	1
1146	Covina	5	1
1147	Covington	10	1
1148	Covington	17	1
1149	Covington	18	1
1150	Covington	47	1
1151	Covington	46	1
1152	Covington	42	1
1153	Coweta	36	1
1154	Coxsackie	32	1
1155	Crafton	38	1
1156	Craig	6	1
1157	Cranford	30	1
1158	Cranston	39	1
1159	Crawford	32	1
1160	Crawfordsville	14	1
1161	Cresskill	30	1
1162	Crest Hill	13	1
1163	Crestline	5	1
1164	Creston	15	1
1165	Crestview	9	1
1166	Crestwood	13	1
1167	Crestwood	25	1
1168	Crestwood Village	30	1
1169	Crete	27	1
1170	Crete	13	1
1171	Creve Coeur	25	1
1172	Crockett	43	1
1173	Crofton	20	1
1174	Cromwell	7	1
1175	Crookston	23	1
1176	Cross Lanes	48	1
1177	Crossett	4	1
1178	Crossville	42	1
1179	Croton-on-Hudson	32	1
1180	Crowley	43	1
1181	Crowley	18	1
1182	Crown Point	14	1
1183	Croydon	38	1
1184	Crystal	23	1
1185	Crystal City	43	1
1186	Crystal Lake	13	1
1187	Cudahy	5	1
1188	Cudahy	49	1
1189	Cuero	43	1
1190	Cullman	1	1
1191	Culpeper	46	1
1192	Culver City	5	1
1193	Cumberland	19	1
1194	Cumberland	20	1
1195	Cumberland	39	1
1196	Cumberland Hill	39	1
1197	Cupertino	5	1
1198	Cushing	36	1
1199	Cutler	9	1
1200	Cutler Ridge	9	1
1201	Cutlerville	22	1
1202	Cuyahoga Falls	35	1
1203	Cynthiana	17	1
1204	Cypress	5	1
1205	Cypress Gardens	9	1
1206	Cypress Lake	9	1
1207	DIberville	24	1
1208	Dade City	9	1
1209	Dale City	46	1
1210	Dalhart	43	1
1211	Dallas	43	1
1212	Dallas	37	1
1213	Dalton	21	1
1214	Dalton	10	1
1215	Daly City	5	1
1216	Damascus	20	1
1217	Dana Point	5	1
1218	Danbury	7	1
1219	Danbury	7	1
1220	Dania Beach	9	1
1221	Danvers	21	1
1222	Danvers	21	1
1223	Danville	5	1
1224	Danville	17	1
1225	Danville	14	1
1226	Danville	13	1
1227	Danville	46	1
1228	Daphne	1	1
1229	Darby	38	1
1230	Darby Township	38	1
1231	Darien	7	1
1232	Darien	7	1
1233	Darien	13	1
1234	Darlington	40	1
1235	Darnestown	20	1
1236	Dartmouth	21	1
1237	Davenport	15	1
1238	Davidson	33	1
1239	Davie	9	1
1240	Davis	5	1
1241	Dayton	35	1
1242	Dayton	30	1
1243	Dayton	42	1
1244	Daytona Beach	9	1
1245	De Bary	9	1
1246	De Land	9	1
1247	De Pere	49	1
1248	De Ridder	18	1
1249	De Soto	25	1
1250	De Witt	32	1
1251	Dearborn	22	1
1252	Dearborn Heights	22	1
1253	Decatur	14	1
1254	Decatur	13	1
1255	Decatur	10	1
1256	Decatur	1	1
1257	Decorah	15	1
1258	Dedham	21	1
1259	Dedham	21	1
1260	Deer Park	32	1
1261	Deer Park	43	1
1262	Deerfield	13	1
1263	Deerfield Beach	9	1
1264	Deerpark	32	1
1265	Defiance	35	1
1266	DeForest	49	1
1267	DeKalb	13	1
1268	Del Aire	5	1
1269	Del City	36	1
1270	Del Rio	43	1
1271	Delafield	49	1
1272	Delafield	49	1
1273	Delano	5	1
1274	Delavan	49	1
1275	Delaware	35	1
1276	Delhi	5	1
1277	Delmar	32	1
1278	Delphos	35	1
1279	Delray Beach	9	1
1280	Delta	6	1
1281	Deltona	9	1
1282	Deming	31	1
1283	Demopolis	1	1
1284	Denham Springs	18	1
1285	Denison	15	1
1286	Denison	43	1
1287	Dennis	21	1
1288	Dent	35	1
1289	Denton	43	1
1290	Dentsville	40	1
1291	Denver	6	1
1292	Depew	32	1
1293	Derby	6	1
1294	Derby	7	1
1295	Derby	7	1
1296	Derby	16	1
1297	Derry	29	1
1298	Derry	29	1
1299	Des Moines	15	1
1300	Des Moines	47	1
1301	Des Peres	25	1
1302	Des Plaines	13	1
1303	Desert Hot Springs	5	1
1304	DeSoto	43	1
1305	Destin	9	1
1306	Destrehan	18	1
1307	Detroit	22	1
1308	Detroit Lakes	23	1
1309	Devils Lake	34	1
1310	Dewey-Humboldt	3	1
1311	Dexter	25	1
1312	Diamond Bar	5	1
1313	Dickinson	34	1
1314	Dickinson	43	1
1315	Dickson	42	1
1316	Dickson City	38	1
1317	Dighton	21	1
1318	Dillon	40	1
1319	Dinuba	5	1
1320	Discovery Bay	5	1
1321	Dishman	47	1
1322	Dix Hills	32	1
1323	Dixon	5	1
1324	Dixon	13	1
1325	Dobbs Ferry	32	1
1326	Dock Junction	10	1
1327	Doctor Phillips	9	1
1328	Dodge City	16	1
1329	Dolton	13	1
1330	Donaldsonville	18	1
1331	Donna	43	1
1332	Doral	9	1
1333	Doraville	10	1
1334	Dormont	38	1
1335	Dothan	1	1
1336	Douglas	3	1
1337	Douglas	10	1
1338	Douglas	21	1
1339	Douglasville	10	1
1340	Dover	8	1
1341	Dover	29	1
1342	Dover	32	1
1343	Dover	30	1
1344	Dover	35	1
1345	Dowagiac	22	1
1346	Downers Grove	13	1
1347	Downey	5	1
1348	Downingtown	38	1
1349	Doylestown	38	1
1350	Dracut	21	1
1351	Draper	44	1
1352	Drexel Heights	3	1
1353	Drexel Hill	38	1
1354	Druid Hills	10	1
1355	Dry Run	35	1
1356	Dryden	32	1
1357	Du Quoin	13	1
1358	Duarte	5	1
1359	Dublin	5	1
1360	Dublin	10	1
1361	Dublin	35	1
1362	DuBois	38	1
1363	Dubuque	15	1
1364	Dudley	21	1
1365	Duluth	23	1
1366	Duluth	10	1
1367	Dumas	43	1
1368	Dumbarton	46	1
1369	Dumont	30	1
1370	Dunbar	48	1
1371	Duncan	36	1
1372	Duncanville	43	1
1373	Dundalk	20	1
1374	Dunedin	9	1
1375	Dunellen	30	1
1376	Dunkirk	32	1
1377	Dunmore	38	1
1378	Dunn	33	1
1379	Dunn Loring	46	1
1380	Dunwoody	10	1
1381	Duquesne	38	1
1382	Durango	6	1
1383	Durant	36	1
1384	Durham	7	1
1385	Durham	33	1
1386	Durham	29	1
1387	Durham	29	1
1388	Duxbury	21	1
1389	Dyer	14	1
1390	Dyersburg	42	1
1391	Eagan	23	1
1392	Eagle	12	1
1393	Eagle Mountain	43	1
1394	Eagle Pass	43	1
1395	Earlimart	5	1
1396	Easley	40	1
1397	East Alton	13	1
1398	East Aurora	32	1
1399	East Bethel	23	1
1400	East Brainerd	42	1
1401	East Bridgewater	21	1
1402	East Brunswick	30	1
1403	East Chicago	14	1
1404	East Cleveland	35	1
1405	East Compton	5	1
1406	East Falmouth	21	1
1407	East Fishkill	32	1
1408	East Foothills	5	1
1409	East Glenville	32	1
1410	East Grand Forks	23	1
1411	East Grand Rapids	22	1
1412	East Greenbush	32	1
1413	East Greenwich	39	1
1414	East Haddam	7	1
1415	East Hampton	7	1
1416	East Hampton	32	1
1417	East Hartford	7	1
1418	East Hartford	7	1
1419	East Haven	7	1
1420	East Haven	7	1
1421	East Hemet	5	1
1422	East Highland Park	46	1
1423	East Hill-Meridian	47	1
1424	East Hills	32	1
1425	East Islip	32	1
1426	East La Mirada	5	1
1427	East Lake	9	1
1428	East Lansing	22	1
1429	East Liverpool	35	1
1430	East Longmeadow	21	1
1431	East Los Angeles	5	1
1432	East Lyme	7	1
1433	East Massapequa	32	1
1434	East Meadow	32	1
1435	East Millcreek	44	1
1436	East Moline	13	1
1437	East Norriton	38	1
1438	East Northport	32	1
1439	East Orange	30	1
1440	East Palo Alto	5	1
1441	East Pasadena	5	1
1442	East Patchogue	32	1
1443	East Peoria	13	1
1444	East Perrine	9	1
1445	East Point	10	1
1446	East Porterville	5	1
1447	East Providence	39	1
1448	East Renton Highlands	47	1
1449	East Ridge	42	1
1450	East Riverdale	20	1
1451	East Rochester	32	1
1452	East Rochester	32	1
1453	East Rockaway	32	1
1454	East Rutherford	30	1
1455	East San Gabriel	5	1
1456	East St. Louis	13	1
1457	East Stroudsburg	38	1
1458	East Wenatchee Bench	47	1
1459	East Windsor	7	1
1460	East York	38	1
1461	Eastchester	32	1
1462	Eastchester	32	1
1463	Easthampton	21	1
1464	Eastlake	35	1
1465	Easton	38	1
1466	Easton	20	1
1467	Easton	21	1
1468	Easton	7	1
1469	Eastpointe	22	1
1470	Eastwood	22	1
1471	Eaton	35	1
1472	Eatonton	10	1
1473	Eatontown	30	1
1474	Eau Claire	49	1
1475	Echelon	30	1
1476	Economy	38	1
1477	Ecorse	22	1
1478	Eden	32	1
1479	Eden	33	1
1480	Eden Isle	18	1
1481	Eden Prairie	23	1
1482	Edgemere	20	1
1483	Edgewater	30	1
1484	Edgewater	9	1
1485	Edgewood	17	1
1486	Edgewood	20	1
1487	Edgewood	47	1
1488	Edina	23	1
1489	Edinboro	38	1
1490	Edinburg	43	1
1491	Edison	30	1
1492	Edmond	36	1
1493	Edmonds	47	1
1494	Edwards	6	1
1495	Edwardsville	13	1
1496	Effingham	13	1
1497	Eglin AFB	9	1
1498	Egypt Lake-Leto	9	1
1499	Eidson Road	43	1
1500	El Cajon	5	1
1501	El Campo	43	1
1502	El Centro	5	1
1503	El Cerrito	5	1
1504	El Dorado	4	1
1505	El Dorado	16	1
1506	El Dorado Hills	5	1
1507	El Mirage	3	1
1508	El Monte	5	1
1509	El Paso	43	1
1510	El Paso de Robles	5	1
1511	El Reno	36	1
1512	El Rio	5	1
1513	El Segundo	5	1
1514	El Sobrante	5	1
1515	Elbridge	32	1
1516	Eldersburg	20	1
1517	Elfers	9	1
1518	Elgin	13	1
1519	Elizabeth	30	1
1520	Elizabeth City	33	1
1521	Elizabethton	42	1
1522	Elizabethtown	38	1
1523	Elizabethtown	17	1
1524	Elk City	36	1
1525	Elk Grove	5	1
1526	Elk Grove Village	13	1
1527	Elk Plain	47	1
1528	Elk River	23	1
1529	Elkhart	14	1
1530	Elkhorn	27	1
1531	Elkhorn	49	1
1532	Elkins	48	1
1533	Elko	28	1
1534	Elkridge	20	1
1535	Elkton	20	1
1536	Ellensburg	47	1
1537	Ellicott	32	1
1538	Ellicott City	20	1
1539	Ellington	7	1
1540	Ellisville	25	1
1541	Ellsworth	19	1
1542	Ellwood City	38	1
1543	Elm Grove	49	1
1544	Elma	32	1
1545	Elmhurst	13	1
1546	Elmira	32	1
1547	Elmira	32	1
1548	Elmont	32	1
1549	Elmwood Park	30	1
1550	Elmwood Park	13	1
1551	Elon College	33	1
1552	Eloy	3	1
1553	Elsmere	17	1
1554	Elwood	14	1
1555	Elwood	32	1
1556	Elyria	35	1
1557	Emerson	30	1
1558	Emeryville	5	1
1559	Emmaus	38	1
1560	Emporia	16	1
1561	Encinitas	5	1
1562	Endicott	32	1
1563	Endwell	32	1
1564	Enfield	7	1
1565	Englewood	6	1
1566	Englewood	9	1
1567	Englewood	30	1
1568	Englewood	35	1
1569	Enid	36	1
1570	Ennis	43	1
1571	Ensley	9	1
1572	Enterprise	1	1
1573	Enterprise	28	1
1574	Enumclaw	47	1
1575	Ephrata	47	1
1576	Ephrata	38	1
1577	Erie	38	1
1578	Erie	6	1
1579	Erlanger	17	1
1580	Erlton-Ellisburg	30	1
1581	Erwin	32	1
1582	Escanaba	22	1
1583	Escondido	5	1
1584	Esopus	32	1
1585	Espanola	31	1
1586	Essex	20	1
1587	Essex	7	1
1588	Essex	45	1
1589	Essex Junction	45	1
1590	Estelle	18	1
1591	Estero	9	1
1592	Estherville	15	1
1593	Euclid	35	1
1594	Eufaula	1	1
1595	Eugene	37	1
1596	Euless	43	1
1597	Eunice	18	1
1598	Eureka	5	1
1599	Eureka	25	1
1600	Eustis	9	1
1601	Evans	10	1
1602	Evans	6	1
1603	Evans	32	1
1604	Evanston	13	1
1605	Evanston	50	1
1606	Evansville	14	1
1607	Everett	21	1
1608	Everett	47	1
1609	Evergreen	26	1
1610	Evergreen	6	1
1611	Evergreen Park	13	1
1612	Ewa Beach	11	1
1613	Ewing	30	1
1614	Excelsior Springs	25	1
1615	Exeter	29	1
1616	Exeter	29	1
1617	Exeter	5	1
1618	Exeter	39	1
1619	Fabens	43	1
1620	Fair Lawn	30	1
1621	Fair Oaks	5	1
1622	Fair Oaks	10	1
1623	Fair Plain	22	1
1624	Fairbanks	2	1
1625	Fairborn	35	1
1626	Fairdale	17	1
1627	Fairfax	5	1
1628	Fairfax	46	1
1629	Fairfield	35	1
1630	Fairfield	30	1
1631	Fairfield	5	1
1632	Fairfield	1	1
1633	Fairfield	7	1
1634	Fairfield	15	1
1635	Fairfield	19	1
1636	Fairhaven	21	1
1637	Fairhope	1	1
1638	Fairland	20	1
1639	Fairlawn	35	1
1640	Fairless Hills	38	1
1641	Fairmont	48	1
1642	Fairmont	23	1
1643	Fairmount	32	1
1644	Fairview	37	1
1645	Fairview	30	1
1646	Fairview	5	1
1647	Fairview	10	1
1648	Fairview Heights	13	1
1649	Fairview Park	35	1
1650	Fairview Shores	9	1
1651	Fairwood	47	1
1652	Fall River	21	1
1653	Fallbrook	5	1
1654	Fallon	28	1
1655	Falls Church	46	1
1656	Fallsburg	32	1
1657	Fallston	20	1
1658	Falmouth	19	1
1659	Falmouth	21	1
1660	Fanwood	30	1
1661	Fargo	34	1
1662	Faribault	23	1
1663	Farmers Branch	43	1
1664	Farmersville	5	1
1665	Farmingdale	32	1
1666	Farmington	31	1
1667	Farmington	32	1
1668	Farmington	44	1
1669	Farmington	23	1
1670	Farmington	25	1
1671	Farmington	19	1
1672	Farmington	22	1
1673	Farmington	7	1
1674	Farmington Hills	22	1
1675	Farmingville	32	1
1676	Farmville	46	1
1677	Farragut	42	1
1678	Farrell	38	1
1679	Fayetteville	33	1
1680	Fayetteville	42	1
1681	Fayetteville	4	1
1682	Fayetteville	10	1
1683	Feasterville-Trevose	38	1
1684	Federal Heights	6	1
1685	Federal Way	47	1
1686	Fenton	32	1
1687	Fenton	22	1
1688	Fergus Falls	23	1
1689	Ferguson	25	1
1690	Fern Creek	17	1
1691	Fern Park	9	1
1692	Fernandina Beach	9	1
1693	Ferndale	20	1
1694	Ferndale	22	1
1695	Ferndale	47	1
1696	Fernley	28	1
1697	Fernway	38	1
1698	Ferry Pass	9	1
1699	Festus	25	1
1700	Fillmore	5	1
1701	Findlay	35	1
1702	Finneytown	35	1
1703	Fishers	14	1
1704	Fishkill	32	1
1705	Fitchburg	49	1
1706	Fitchburg	21	1
1707	Fitzgerald	10	1
1708	Five Corners	47	1
1709	Five Forks	40	1
1710	Flagstaff	3	1
1711	Flat Rock	22	1
1712	Flatwoods	17	1
1713	Flint	22	1
1714	Floral Park	32	1
1715	Florence	40	1
1716	Florence	37	1
1717	Florence	17	1
1718	Florence	3	1
1719	Florence	1	1
1720	Florence-Graham	5	1
1721	Florence-Roebling	30	1
1722	Florham Park	30	1
1723	Florida City	9	1
1724	Florida Ridge	9	1
1725	Florin	5	1
1726	Florissant	25	1
1727	Flossmoor	13	1
1728	Flower Mound	43	1
1729	Flowing Wells	3	1
1730	Flushing	22	1
1731	Folcroft	38	1
1732	Foley	1	1
1733	Folsom	5	1
1734	Folsom	38	1
1735	Fond du Lac	49	1
1736	Fontana	5	1
1737	Foothill Farms	5	1
1738	Foothill Ranch	5	1
1739	Fords	30	1
1740	Forest	46	1
1741	Forest Acres	40	1
1742	Forest City	33	1
1743	Forest City	9	1
1744	Forest Glen	20	1
1745	Forest Grove	37	1
1746	Forest Hill	43	1
1747	Forest Hills	38	1
1748	Forest Hills	22	1
1749	Forest Lake	23	1
1750	Forest Park	13	1
1751	Forest Park	10	1
1752	Forest Park	35	1
1753	Forestdale	1	1
1754	Forestville	20	1
1755	Forestville	35	1
1756	Forrest City	4	1
1757	Fort Ann	32	1
1758	Fort Atkinson	49	1
1759	Fort Belvoir	46	1
1760	Fort Benning South	10	1
1761	Fort Bliss	43	1
1762	Fort Bragg	33	1
1763	Fort Bragg	5	1
1764	Fort Campbell North	17	1
1765	Fort Carson	6	1
1766	Fort Collins	6	1
1767	Fort Dix	30	1
1768	Fort Dodge	15	1
1769	Fort Drum	32	1
1770	Fort Hood	43	1
1771	Fort Hunt	46	1
1772	Fort Knox	17	1
1773	Fort Lauderdale	9	1
1774	Fort Lee	30	1
1775	Fort Lee	46	1
1776	Fort Leonard Wood	25	1
1777	Fort Lewis	47	1
1778	Fort Lupton	6	1
1779	Fort Madison	15	1
1780	Fort Meade	20	1
1781	Fort Mill	40	1
1782	Fort Mitchell	17	1
1783	Fort Morgan	6	1
1784	Fort Myers	9	1
1785	Fort Myers Beach	9	1
1786	Fort Oglethorpe	10	1
1787	Fort Payne	1	1
1788	Fort Pierce	9	1
1789	Fort Pierce North	9	1
1790	Fort Polk South	18	1
1791	Fort Riley North	16	1
1792	Fort Rucker	1	1
1793	Fort Salonga	32	1
1794	Fort Scott	16	1
1795	Fort Smith	4	1
1796	Fort Stewart	10	1
1797	Fort Stockton	43	1
1798	Fort Thomas	17	1
1799	Fort Valley	10	1
1800	Fort Walton Beach	9	1
1801	Fort Washington	20	1
1802	Fort Wayne	14	1
1803	Fort Worth	43	1
1804	Fortuna	5	1
1805	Fortuna Foothills	3	1
1806	Foster City	5	1
1807	Fostoria	35	1
1808	Fountain	6	1
1809	Fountain Hills	3	1
1810	Fountain Inn	40	1
1811	Fountain Valley	5	1
1812	Fountainbleau	9	1
1813	Four Corners	37	1
1814	Fox Lake	13	1
1815	Fox Point	49	1
1816	Foxborough	21	1
1817	Framingham	21	1
1818	Framingham	21	1
1819	Franconia	46	1
1820	Frankfort	32	1
1821	Frankfort	14	1
1822	Frankfort	17	1
1823	Frankfort	13	1
1824	Frankfort Square	13	1
1825	Franklin	17	1
1826	Franklin	14	1
1827	Franklin	18	1
1828	Franklin	21	1
1829	Franklin	29	1
1830	Franklin	35	1
1831	Franklin	46	1
1832	Franklin	38	1
1833	Franklin	49	1
1834	Franklin	42	1
1835	Franklin Lakes	30	1
1836	Franklin Park	13	1
1837	Franklin Park	38	1
1838	Franklin Square	32	1
1839	Fraser	22	1
1840	Frederick	20	1
1841	Fredericksburg	46	1
1842	Fredericksburg	43	1
1843	Fredonia	32	1
1844	Freehold	30	1
1845	Freeport	19	1
1846	Freeport	13	1
1847	Freeport	32	1
1848	Freeport	43	1
1849	Freetown	21	1
1850	Fremont	5	1
1851	Fremont	35	1
1852	Fremont	27	1
1853	Fresno	43	1
1854	Fresno	5	1
1855	Fridley	23	1
1856	Friendly	20	1
1857	Friendswood	43	1
1858	Frisco	43	1
1859	Front Royal	46	1
1860	Frostburg	20	1
1861	Fruit Cove	9	1
1862	Fruita	6	1
1863	Fruitvale	6	1
1864	Fruitville	9	1
1865	Fullerton	5	1
1866	Fullerton	38	1
1867	Fulton	32	1
1868	Fulton	25	1
1869	Fultondale	1	1
1870	Fuquay-Varina	33	1
1871	Gadsden	1	1
1872	Gaffney	40	1
1873	Gages Lake	13	1
1874	Gahanna	35	1
1875	Gainesville	43	1
1876	Gainesville	10	1
1877	Gainesville	9	1
1878	Gaithersburg	20	1
1879	Galax	46	1
1880	Galena Park	43	1
1881	Galesburg	13	1
1882	Galion	35	1
1883	Gallatin	42	1
1884	Galliano	18	1
1885	Gallup	31	1
1886	Galt	5	1
1887	Galveston	43	1
1888	Gantt	40	1
1889	Garden Acres	5	1
1890	Garden City	10	1
1891	Garden City	16	1
1892	Garden City	12	1
1893	Garden City	22	1
1894	Garden City	40	1
1895	Garden City	32	1
1896	Garden City Park	32	1
1897	Garden Grove	5	1
1898	Garden Home-Whitford	37	1
1899	Gardena	5	1
1900	Gardendale	1	1
1901	Gardere	18	1
1902	Gardiner	19	1
1903	Gardner	16	1
1904	Gardner	21	1
1905	Gardnerville Ranchos	28	1
1906	Garfield	30	1
1907	Garfield Heights	35	1
1908	Garland	43	1
1909	Garner	33	1
1910	Garrison	20	1
1911	Gary	14	1
1912	Gastonia	33	1
1913	Gates	32	1
1914	Gates-North Gates	32	1
1915	Gatesville	43	1
1916	Gautier	24	1
1917	Geddes	32	1
1918	Genesee	49	1
1919	Geneseo	32	1
1920	Geneseo	32	1
1921	Geneseo	13	1
1922	Geneva	13	1
1923	Geneva	32	1
1924	Geneva	35	1
1925	Georgetown	43	1
1926	Georgetown	40	1
1927	Georgetown	10	1
1928	Georgetown	21	1
1929	Georgetown	17	1
1930	Georgetown County	40	1
1931	Gering	27	1
1932	German Flatts	32	1
1933	Germantown	42	1
1934	Germantown	49	1
1935	Germantown	20	1
1936	Gettysburg	38	1
1937	Gibsonton	9	1
1938	Gifford	9	1
1939	Gig Harbor	47	1
1940	Gilbert	3	1
1941	Gilford	29	1
1942	Gillette	50	1
1943	Gilroy	5	1
1944	Girard	35	1
1945	Gladeview	9	1
1946	Gladewater	43	1
1947	Gladstone	37	1
1948	Gladstone	25	1
1949	Glasgow	17	1
1950	Glasgow	8	1
1951	Glassboro	30	1
1952	Glastonbury	7	1
1953	Glastonbury Center	7	1
1954	Glen Allen	46	1
1955	Glen Avon	5	1
1956	Glen Burnie	20	1
1957	Glen Carbon	13	1
1958	Glen Cove	32	1
1959	Glen Ellyn	13	1
1960	Glen Ridge	30	1
1961	Glen Rock	30	1
1962	Glenarden	20	1
1963	Glencoe	13	1
1964	Glendale	5	1
1965	Glendale	3	1
1966	Glendale	49	1
1967	Glendale Heights	13	1
1968	Glendora	5	1
1969	Glenn Dale	20	1
1970	Glenn Heights	43	1
1971	Glenolden	38	1
1972	Glenpool	36	1
1973	Glens Falls	32	1
1974	Glens Falls North	32	1
1975	Glenside	38	1
1976	Glenvar Heights	9	1
1977	Glenview	13	1
1978	Glenville	32	1
1979	Glenwood	13	1
1980	Glenwood Springs	6	1
1981	Globe	3	1
1982	Glocester	39	1
1983	Gloucester	21	1
1984	Gloucester City	30	1
1985	Gloucester Point	46	1
1986	Gloversville	32	1
1987	Godfrey	13	1
1988	Goffstown	29	1
1989	Gold Camp	3	1
1990	Gold River	5	1
1991	Golden	6	1
1992	Golden Gate	9	1
1993	Golden Glades	9	1
1994	Golden Hills	5	1
1995	Golden Lakes	9	1
1996	Golden Valley	23	1
1997	Goldenrod	9	1
1998	Goldsboro	33	1
1999	Goleta	5	1
2000	Gonzales	5	1
2001	Gonzales	18	1
2002	Gonzales	43	1
2003	Gonzalez	9	1
2004	Goodings Grove	13	1
2005	Goodlettsville	42	1
2006	Goodyear	3	1
2007	Goose Creek	40	1
2008	Gorham	19	1
2009	Goshen	14	1
2010	Goshen	32	1
2011	Goulds	9	1
2012	Gouverneur	32	1
2013	Grafton	21	1
2014	Grafton	49	1
2015	Graham	47	1
2016	Graham	33	1
2017	Graham	43	1
2018	Granby	32	1
2019	Granby	7	1
2020	Granby	21	1
2021	Grand Blanc	22	1
2022	Grand Chute	49	1
2023	Grand Forks	34	1
2024	Grand Haven	22	1
2025	Grand Island	27	1
2026	Grand Island	32	1
2027	Grand Junction	6	1
2028	Grand Ledge	22	1
2029	Grand Prairie	43	1
2030	Grand Rapids	49	1
2031	Grand Rapids	22	1
2032	Grand Rapids	23	1
2033	Grand Terrace	5	1
2034	Grandview	25	1
2035	Grandview	47	1
2036	Grandview Heights	35	1
2037	Grandville	22	1
2038	Granger	14	1
2039	Granite Bay	5	1
2040	Granite City	13	1
2041	Grants	31	1
2042	Grants Pass	37	1
2043	Grantsville	44	1
2044	Granville	32	1
2045	Grapevine	43	1
2046	Grass Valley	5	1
2047	Gray	19	1
2048	Grayslake	13	1
2049	Great Barrington	21	1
2050	Great Bend	16	1
2051	Great Falls	26	1
2052	Great Falls	46	1
2053	Great Neck	32	1
2054	Great Neck Plaza	32	1
2055	Greater Carrollwood	9	1
2056	Greater Landover	20	1
2057	Greater Northdale	9	1
2058	Greater Sun Center	9	1
2059	Greater Upper Marlboro	20	1
2060	Greatwood	43	1
2061	Greece	32	1
2062	Greece	32	1
2063	Greeley	6	1
2064	Green	35	1
2065	Green	37	1
2066	Green Bay	49	1
2067	Green Haven	20	1
2068	Green Hill	42	1
2069	Green River	50	1
2070	Green Valley	20	1
2071	Green Valley	3	1
2072	Greenacres	9	1
2073	Greenbelt	20	1
2074	Greenburgh	32	1
2075	Greencastle	14	1
2076	Greendale	49	1
2077	Greeneville	42	1
2078	Greenfield	49	1
2079	Greenfield	32	1
2080	Greenfield	14	1
2081	Greenfield	21	1
2082	Greenfield	21	1
2083	Greenfield	5	1
2084	Greenlawn	32	1
2085	Greensboro	33	1
2086	Greensburg	38	1
2087	Greensburg	14	1
2088	Greentree	30	1
2089	Greenville	24	1
2090	Greenville	22	1
2091	Greenville	1	1
2092	Greenville	13	1
2093	Greenville	38	1
2094	Greenville	39	1
2095	Greenville	43	1
2096	Greenville	40	1
2097	Greenville	33	1
2098	Greenville	35	1
2099	Greenville	32	1
2100	Greenville	49	1
2101	Greenwich	7	1
2102	Greenwood	14	1
2103	Greenwood	24	1
2104	Greenwood	4	1
2105	Greenwood	40	1
2106	Greenwood Village	6	1
2107	Greer	40	1
2108	Grenada	24	1
2109	Gresham	37	1
2110	Gresham Park	10	1
2111	Gretna	18	1
2112	Griffin	10	1
2113	Griffith	14	1
2114	Grinnell	15	1
2115	Griswold	7	1
2116	Groesbeck	35	1
2117	Grosse Ile	22	1
2118	Grosse Pointe Farms	22	1
2119	Grosse Pointe Park	22	1
2120	Grosse Pointe Woods	22	1
2121	Groton	21	1
2122	Groton	7	1
2123	Groton	7	1
2124	Grove City	35	1
2125	Grove City	38	1
2126	Groveland	21	1
2127	Grover Beach	5	1
2128	Groves	43	1
2129	Groveton	46	1
2130	Grovetown	10	1
2131	Guilderland	32	1
2132	Guilford	7	1
2133	Gulf Gate Estates	9	1
2134	Gulfport	9	1
2135	Gulfport	24	1
2136	Gunbarrel	6	1
2137	Guntersville	1	1
2138	Gurnee	13	1
2139	Guthrie	36	1
2140	Guttenberg	30	1
2141	Guymon	36	1
2142	Hacienda Heights	5	1
2143	Hackensack	30	1
2144	Hackettstown	30	1
2145	Haddam	7	1
2146	Haddon Heights	30	1
2147	Haddonfield	30	1
2148	Hagerstown	20	1
2149	Haiku-Pauwela	11	1
2150	Hailey	12	1
2151	Haines City	9	1
2152	Halawa	11	1
2153	Haledon	30	1
2154	Hales Corners	49	1
2155	Half Moon	33	1
2156	Half Moon Bay	5	1
2157	Halfmoon	32	1
2158	Halfway	20	1
2159	Halifax	21	1
2160	Hallandale	9	1
2161	Haltom City	43	1
2162	Ham Lake	23	1
2163	Hamburg	32	1
2164	Hamburg	32	1
2165	Hamden	7	1
2166	Hamilton	1	1
2167	Hamilton	21	1
2168	Hamilton	35	1
2169	Hamlet	33	1
2170	Hamlin	32	1
2171	Hammond	18	1
2172	Hammond	14	1
2173	Hammonton	30	1
2174	Hampden	19	1
2175	Hampstead	29	1
2176	Hampton	29	1
2177	Hampton	29	1
2178	Hampton	46	1
2179	Hampton Bays	32	1
2180	Hampton Township	38	1
2181	Hamptons at Boca Raton	9	1
2182	Hamtramck	22	1
2183	Hanahan	40	1
2184	Hanford	5	1
2185	Hannibal	25	1
2186	Hanover	29	1
2187	Hanover	29	1
2188	Hanover	21	1
2189	Hanover	38	1
2190	Hanover	32	1
2191	Hanover Park	13	1
2192	Hanson	21	1
2193	Hapeville	10	1
2194	Harahan	18	1
2195	Harker Heights	43	1
2196	Harleysville	38	1
2197	Harlingen	43	1
2198	Harper Woods	22	1
2199	Harriman	42	1
2200	Harrisburg	38	1
2201	Harrisburg	13	1
2202	Harrison	4	1
2203	Harrison	22	1
2204	Harrison	30	1
2205	Harrison	32	1
2206	Harrison	35	1
2207	Harrison	32	1
2208	Harrison	42	1
2209	Harrison Township	38	1
2210	Harrisonburg	46	1
2211	Harrisonville	25	1
2212	Harrodsburg	17	1
2213	Hartford	7	1
2214	Hartford	7	1
2215	Hartford	49	1
2216	Hartford	45	1
2217	Hartford City	14	1
2218	Hartland	49	1
2219	Hartsdale	32	1
2220	Hartselle	1	1
2221	Hartsville	40	1
2222	Harvard	13	1
2223	Harvey	13	1
2224	Harvey	18	1
2225	Harwich	21	1
2226	Harwood Heights	13	1
2227	Hasbrouck Heights	30	1
2228	Haslett	22	1
2229	Hastings	22	1
2230	Hastings	27	1
2231	Hastings	23	1
2232	Hastings	32	1
2233	Hastings-on-Hudson	32	1
2234	Hatboro	38	1
2235	Hattiesburg	24	1
2236	Hauppauge	32	1
2237	Havelock	33	1
2238	Haverhill	21	1
2239	Haverstraw	32	1
2240	Haverstraw	32	1
2241	Havre	26	1
2242	Havre de Grace	20	1
2243	Hawaiian Gardens	5	1
2244	Hawaiian Paradise Park	11	1
2245	Hawthorn Woods	13	1
2246	Hawthorne	5	1
2247	Hawthorne	30	1
2248	Hayden	12	1
2249	Hayesville	37	1
2250	Hays	16	1
2251	Haysville	16	1
2252	Hayward	5	1
2253	Hazel Crest	13	1
2254	Hazel Dell North	47	1
2255	Hazel Dell South	47	1
2256	Hazel Park	22	1
2257	Hazelwood	25	1
2258	Hazleton	38	1
2259	Healdsburg	5	1
2260	Heath	35	1
2261	Heber	44	1
2262	Heber Springs	4	1
2263	Hebron	7	1
2264	Helena	4	1
2265	Helena	1	1
2266	Helena	26	1
2267	Helena Valley Southeast	26	1
2268	Helena Valley West Central	26	1
2269	Hemet	5	1
2270	Hempstead	32	1
2271	Hempstead	32	1
2272	Henderson	33	1
2273	Henderson	43	1
2274	Henderson	17	1
2275	Henderson	28	1
2276	Hendersonville	42	1
2277	Hendersonville	33	1
2278	Henrietta	32	1
2279	Henryetta	36	1
2280	Hercules	5	1
2281	Hereford	43	1
2282	Herkimer	32	1
2283	Herkimer	32	1
2284	Hermantown	23	1
2285	Hermiston	37	1
2286	Hermitage	38	1
2287	Hermosa Beach	5	1
2288	Hernando	9	1
2289	Hernando	24	1
2290	Herndon	46	1
2291	Herrin	13	1
2292	Hershey	38	1
2293	Hesperia	5	1
2294	Hewitt	43	1
2295	Hewlett	32	1
2296	Hialeah	9	1
2297	Hialeah Gardens	9	1
2298	Hiawatha	15	1
2299	Hibbing	23	1
2300	Hickory	33	1
2301	Hickory Hills	13	1
2302	Hicksville	32	1
2303	Hidalgo	43	1
2304	High Point	33	1
2305	Highland	44	1
2306	Highland	13	1
2307	Highland	14	1
2308	Highland	5	1
2309	Highland Heights	17	1
2310	Highland Heights	35	1
2311	Highland Park	43	1
2312	Highland Park	13	1
2313	Highland Park	30	1
2314	Highland Park	22	1
2315	Highland Springs	46	1
2316	Highland Village	43	1
2317	Highlands	43	1
2318	Highlands	32	1
2319	Highlands Ranch	6	1
2320	Highview	17	1
2321	Hillcrest	32	1
2322	Hillcrest Heights	20	1
2323	Hilliard	35	1
2324	Hillsboro	35	1
2325	Hillsboro	37	1
2326	Hillsboro	43	1
2327	Hillsborough	5	1
2328	Hillsdale	22	1
2329	Hillsdale	30	1
2330	Hillside	30	1
2331	Hillside	13	1
2332	Hillview	17	1
2333	Hilo	11	1
2334	Hilton Head Island	40	1
2335	Hinesville	10	1
2336	Hingham	21	1
2337	Hinsdale	13	1
2338	Hitchcock	43	1
2339	Hobart	47	1
2340	Hobart	14	1
2341	Hobbs	31	1
2342	Hobe Sound	9	1
2343	Hoboken	30	1
2344	Hockessin	8	1
2345	Hoffman Estates	13	1
2346	Holbrook	21	1
2347	Holbrook	21	1
2348	Holbrook	32	1
2349	Holden	21	1
2350	Holiday	9	1
2351	Holiday City-Berkeley	30	1
2352	Holladay	44	1
2353	Holland	22	1
2354	Hollins	46	1
2355	Hollis	29	1
2356	Hollister	5	1
2357	Holliston	21	1
2358	Holly	22	1
2359	Holly Hill	9	1
2360	Holly Springs	24	1
2361	Holly Springs	33	1
2362	Hollywood	9	1
2363	Holmen	49	1
2364	Holt	22	1
2365	Holtsville	32	1
2366	Holualoa	11	1
2367	Holyoke	21	1
2368	Home Gardens	5	1
2369	Homeacre-Lyndora	38	1
2370	Homeland Park	40	1
2371	Homer	32	1
2372	Homestead	9	1
2373	Homestead Meadows South	43	1
2374	Homewood	1	1
2375	Homewood	13	1
2376	Homosassa Springs	9	1
2377	Hondo	43	1
2378	Honolulu	11	1
2379	Hooksett	29	1
2380	Hoosick	32	1
2381	Hoover	1	1
2382	Hopatcong	30	1
2383	Hope	4	1
2384	Hope Mills	33	1
2385	Hopewell	46	1
2386	Hopkins	23	1
2387	Hopkinsville	17	1
2388	Hopkinton	21	1
2389	Hopkinton	39	1
2390	Hoquiam	47	1
2391	Horn Lake	24	1
2392	Hornell	32	1
2393	Horseheads	32	1
2394	Horseheads	32	1
2395	Horsham	38	1
2396	Hot Springs	4	1
2397	Hot Springs Village	4	1
2398	Houghton	22	1
2399	Houlton	19	1
2400	Houma	18	1
2401	Houston	43	1
2402	Howard	49	1
2403	Howell	22	1
2404	Howland Center	35	1
2405	Hubbard	35	1
2406	Huber Heights	35	1
2407	Hudson	35	1
2408	Hudson	32	1
2409	Hudson	49	1
2410	Hudson	49	1
2411	Hudson	21	1
2412	Hudson	21	1
2413	Hudson	29	1
2414	Hudson	29	1
2415	Hudson	9	1
2416	Hudson Falls	32	1
2417	Hudsonville	22	1
2418	Hueytown	1	1
2419	Hugo	23	1
2420	Hull	21	1
2421	Hull	21	1
2422	Humble	43	1
2423	Humboldt	42	1
2424	Hunters Creek	9	1
2425	Huntersville	33	1
2426	Huntingdon	38	1
2427	Huntington	32	1
2428	Huntington	32	1
2429	Huntington	46	1
2430	Huntington	48	1
2431	Huntington	14	1
2432	Huntington Beach	5	1
2433	Huntington Park	5	1
2434	Huntington Station	32	1
2435	Huntington Woods	22	1
2436	Huntsville	1	1
2437	Huntsville	43	1
2438	Hurley	32	1
2439	Huron	35	1
2440	Huron	41	1
2441	Huron	5	1
2442	Hurricane	44	1
2443	Hurst	43	1
2444	Hutchinson	16	1
2445	Hutchinson	23	1
2446	Hyattsville	20	1
2447	Hybla Valley	46	1
2448	Hyde Park	32	1
2449	Hyrum	44	1
2450	Idabel	36	1
2451	Idaho Falls	12	1
2452	Idylwood	46	1
2453	Ilion	32	1
2454	Immokalee	9	1
2455	Imperial	5	1
2456	Imperial Beach	5	1
2457	Incline Village-Crystal Bay	28	1
2458	Independence	37	1
2459	Independence	25	1
2460	Independence	35	1
2461	Independence	15	1
2462	Independence	16	1
2463	Independence	17	1
2464	Indian Harbour Beach	9	1
2465	Indian Trail	33	1
2466	Indiana	38	1
2467	Indianapolis	14	1
2468	Indianola	24	1
2469	Indianola	15	1
2470	Indio	5	1
2471	Ingleside	43	1
2472	Inglewood	5	1
2473	Inglewood-Finn Hill	47	1
2474	Inkster	22	1
2475	Interlaken	5	1
2476	International Falls	23	1
2477	Inver Grove Heights	23	1
2478	Inverness	9	1
2479	Inverness	13	1
2480	Inwood	9	1
2481	Inwood	32	1
2482	Iola	16	1
2483	Iona	9	1
2484	Ione	5	1
2485	Ionia	22	1
2486	Iowa City	15	1
2487	Iowa Park	43	1
2488	Ipswich	21	1
2489	Irmo	40	1
2490	Iron Mountain	22	1
2491	Irondale	1	1
2492	Irondale	10	1
2493	Irondequoit	32	1
2494	Irondequoit	32	1
2495	Ironton	35	1
2496	Ironwood	22	1
2497	Irvine	5	1
2498	Irving	43	1
2499	Irvington	30	1
2500	Irvington	32	1
2501	Iselin	30	1
2502	Ishpeming	22	1
2503	Isla Vista	5	1
2504	Islamorada	9	1
2505	Island Lake	13	1
2506	Islip	32	1
2507	Islip	32	1
2508	Issaquah	47	1
2509	Itasca	13	1
2510	Ithaca	32	1
2511	Ithaca	32	1
2512	Ives Estates	9	1
2513	Jacinto City	43	1
2514	Jackson	42	1
2515	Jackson	35	1
2516	Jackson	50	1
2517	Jackson	22	1
2518	Jackson	24	1
2519	Jackson	25	1
2520	Jacksonville	1	1
2521	Jacksonville	4	1
2522	Jacksonville	9	1
2523	Jacksonville	13	1
2524	Jacksonville	33	1
2525	Jacksonville	43	1
2526	Jacksonville Beach	9	1
2527	Jamesburg	30	1
2528	Jamestown	34	1
2529	Jamestown	32	1
2530	Janesville	49	1
2531	Jasmine Estates	9	1
2532	Jasper	1	1
2533	Jasper	14	1
2534	Jasper	43	1
2535	Jeannette	38	1
2536	Jefferson	49	1
2537	Jefferson	46	1
2538	Jefferson	18	1
2539	Jefferson City	25	1
2540	Jefferson City	42	1
2541	Jefferson Hills	38	1
2542	Jefferson Valley-Yorktown	32	1
2543	Jeffersontown	17	1
2544	Jeffersonville	14	1
2545	Jenison	22	1
2546	Jenks	36	1
2547	Jennings	18	1
2548	Jennings	25	1
2549	Jennings Lodge	37	1
2550	Jensen Beach	9	1
2551	Jericho	32	1
2552	Jerome	12	1
2553	Jersey City	30	1
2554	Jersey Village	43	1
2555	Jerseyville	13	1
2556	Jessup	20	1
2557	Jesup	10	1
2558	Johnson City	32	1
2559	Johnson City	42	1
2560	Johnston	39	1
2561	Johnston	15	1
2562	Johnstown	32	1
2563	Johnstown	32	1
2564	Johnstown	38	1
2565	Joliet	13	1
2566	Jollyville	43	1
2567	Jonesboro	4	1
2568	Joplin	25	1
2569	Joppatowne	20	1
2570	Junction City	16	1
2571	Juneau and	2	1
2572	Jupiter	9	1
2573	Justice	13	1
2574	Kahului	11	1
2575	Kailua	11	1
2576	Kailua	11	1
2577	Kalamazoo	22	1
2578	Kalaoa	11	1
2579	Kalispell	26	1
2580	Kaneohe	11	1
2581	Kaneohe Station	11	1
2582	Kankakee	13	1
2583	Kannapolis	33	1
2584	Kansas City	25	1
2585	Kansas City	16	1
2586	Kapaa	11	1
2587	Katy	43	1
2588	Kaufman	43	1
2589	Kaukauna	49	1
2590	Kaysville	44	1
2591	Keansburg	30	1
2592	Kearney	27	1
2593	Kearns	44	1
2594	Kearny	30	1
2595	Keene	29	1
2596	Keizer	37	1
2597	Keller	43	1
2598	Kelso	47	1
2599	Kemp Mill	20	1
2600	Ken Caryl	6	1
2601	Kenai	2	1
2602	Kendale Lakes	9	1
2603	Kendall	9	1
2604	Kendall Park	30	1
2605	Kendall West	9	1
2606	Kendallville	14	1
2607	Kenilworth	30	1
2608	Kenmore	32	1
2609	Kenmore	47	1
2610	Kennebunk	19	1
2611	Kennedy Township	38	1
2612	Kenner	18	1
2613	Kennesaw	10	1
2614	Kennett	25	1
2615	Kennewick	47	1
2616	Kenosha	49	1
2617	Kensington	7	1
2618	Kent	47	1
2619	Kent	35	1
2620	Kent	32	1
2621	Kentfield	5	1
2622	Kenton	35	1
2623	Kentwood	22	1
2624	Kenwood	35	1
2625	Keokuk	15	1
2626	Kerman	5	1
2627	Kernersville	33	1
2628	Kerrville	43	1
2629	Ketchikan	2	1
2630	Kettering	20	1
2631	Kettering	35	1
2632	Kewanee	13	1
2633	Key Biscayne	9	1
2634	Key Largo	9	1
2635	Key West	9	1
2636	Keyport	30	1
2637	Keystone	9	1
2638	Kihei	11	1
2639	Kilgore	43	1
2640	Killeen	43	1
2641	Killingly	7	1
2642	Killingworth	7	1
2643	Kimberly	49	1
2644	Kinderhook	32	1
2645	King City	5	1
2646	King of Prussia	38	1
2647	Kingman	3	1
2648	Kings Grant	33	1
2649	Kings Mountain	33	1
2650	Kings Park	32	1
2651	Kings Point	9	1
2652	Kingsburg	5	1
2653	Kingsbury	32	1
2654	Kingsgate	47	1
2655	Kingsland	10	1
2656	Kingsport	42	1
2657	Kingston	38	1
2658	Kingston	32	1
2659	Kingston	21	1
2660	Kingsville	43	1
2661	Kinnelon	30	1
2662	Kinston	33	1
2663	Kirby	43	1
2664	Kirkland	47	1
2665	Kirkland	32	1
2666	Kirksville	25	1
2667	Kirkwood	25	1
2668	Kirtland	31	1
2669	Kirtland	35	1
2670	Kiryas Joel	32	1
2671	Kissimmee	9	1
2672	Kittery	19	1
2673	Klamath Falls	37	1
2674	Knik-Fairview	2	1
2675	Knoxville	15	1
2676	Knoxville	42	1
2677	Kodiak	2	1
2678	Kokomo	14	1
2679	Kosciusko	24	1
2680	Kulpsville	38	1
2681	La Canada Flintridge	5	1
2682	La Crescenta-Montrose	5	1
2683	La Crosse	49	1
2684	La Fayette	10	1
2685	La Feria	43	1
2686	La Follette	42	1
2687	La Grande	37	1
2688	La Grange	32	1
2689	La Grange	13	1
2690	La Grange Park	13	1
2691	La Habra	5	1
2692	La Homa	43	1
2693	La Junta	6	1
2694	La Marque	43	1
2695	La Mesa	5	1
2696	La Mirada	5	1
2697	La Palma	5	1
2698	La Plata	20	1
2699	La Porte	14	1
2700	La Porte	43	1
2701	La Presa	5	1
2702	La Puente	5	1
2703	La Quinta	5	1
2704	La Riviera	5	1
2705	La Salle	13	1
2706	La Vergne	42	1
2707	La Verne	5	1
2708	La Vista	27	1
2709	Lacey	47	1
2710	Lackawanna	32	1
2711	Lackland AFB	43	1
2712	Lacombe	18	1
2713	Laconia	29	1
2714	Ladera Heights	5	1
2715	Ladson	40	1
2716	Ladue	25	1
2717	Lady Lake	9	1
2718	Lafayette	6	1
2719	Lafayette	18	1
2720	Lafayette	14	1
2721	Lafayette	5	1
2722	LaGrange	10	1
2723	Laguna	5	1
2724	Laguna Beach	5	1
2725	Laguna Hills	5	1
2726	Laguna Niguel	5	1
2727	Laguna West-Lakeside	5	1
2728	Laguna Woods	5	1
2729	Lahaina	11	1
2730	Lake Arbor	20	1
2731	Lake Arrowhead	5	1
2732	Lake Barcroft	46	1
2733	Lake Bluff	13	1
2734	Lake Butter	9	1
2735	Lake Carmel	32	1
2736	Lake Charles	18	1
2737	Lake City	9	1
2738	Lake City	40	1
2739	Lake Dallas	43	1
2740	Lake Elmo	23	1
2741	Lake Elsinore	5	1
2742	Lake Forest	5	1
2743	Lake Forest	13	1
2744	Lake Forest Park	47	1
2745	Lake Geneva	49	1
2746	Lake Grove	32	1
2747	Lake Havasu City	3	1
2748	Lake in the Hills	13	1
2749	Lake Jackson	43	1
2750	Lake Lorraine	9	1
2751	Lake Los Angeles	5	1
2752	Lake Lucerne	9	1
2753	Lake Magdalene	9	1
2754	Lake Mary	9	1
2755	Lake Mohawk	30	1
2756	Lake Monticello	46	1
2757	Lake Morton-Berrydale	47	1
2758	Lake Oswego	37	1
2759	Lake Park	9	1
2760	Lake Ridge	46	1
2761	Lake Ronkonkoma	32	1
2762	Lake Shore	20	1
2763	Lake Shore	47	1
2764	Lake St. Louis	25	1
2765	Lake Station	14	1
2766	Lake Stevens	47	1
2767	Lake Wales	9	1
2768	Lake Worth	9	1
2769	Lake Worth Corridor	9	1
2770	Lake Zurich	13	1
2771	Lakeland	9	1
2772	Lakeland	42	1
2773	Lakeland Highlands	9	1
2774	Lakeland North	47	1
2775	Lakeland South	47	1
2776	Lakes	2	1
2777	Lakes by the Bay	9	1
2778	Lakes of the Four Seasons	14	1
2779	Lakeside	9	1
2780	Lakeside	5	1
2781	Lakeside	46	1
2782	Lakeville	23	1
2783	Lakeville	21	1
2784	Lakeway	43	1
2785	Lakewood	35	1
2786	Lakewood	30	1
2787	Lakewood	5	1
2788	Lakewood	6	1
2789	Lakewood	47	1
2790	Lakewood Park	9	1
2791	Lamar	6	1
2792	Lambertville	22	1
2793	Lamesa	43	1
2794	Lamont	5	1
2795	Lampasas	43	1
2796	Lancaster	43	1
2797	Lancaster	40	1
2798	Lancaster	38	1
2799	Lancaster	35	1
2800	Lancaster	32	1
2801	Lancaster	21	1
2802	Lancaster	32	1
2803	Lancaster	5	1
2804	Land O Lakes	9	1
2805	Landen	35	1
2806	Lander	50	1
2807	Lanett	1	1
2808	Langley Park	20	1
2809	Lanham-Seabrook	20	1
2810	Lansdale	38	1
2811	Lansdowne	38	1
2812	Lansdowne-Baltimore Highlands	20	1
2813	Lansing	16	1
2814	Lansing	13	1
2815	Lansing	32	1
2816	Lansing	22	1
2817	Lantana	9	1
2818	Lapeer	22	1
2819	Laplace	18	1
2820	Laramie	50	1
2821	Larchmont	32	1
2822	Laredo	43	1
2823	Largo	20	1
2824	Largo	9	1
2825	Larkfield-Wikiup	5	1
2826	Larkspur	5	1
2827	Larose	18	1
2828	Las Cruces	31	1
2829	Las Vegas	31	1
2830	Las Vegas	28	1
2831	Lathrop	5	1
2832	Latrobe	38	1
2833	Lauderdale Lakes	9	1
2834	Lauderhill	9	1
2835	Laughlin	28	1
2836	Laurel	24	1
2837	Laurel	26	1
2838	Laurel	9	1
2839	Laurel	20	1
2840	Laurel	46	1
2841	Laurel Bay	40	1
2842	Laurence Harbor	30	1
2843	Laurens	40	1
2844	Laurinburg	33	1
2845	Lawndale	5	1
2846	Lawrence	16	1
2847	Lawrence	14	1
2848	Lawrence	32	1
2849	Lawrence	21	1
2850	Lawrenceburg	42	1
2851	Lawrenceburg	17	1
2852	Lawrenceville	10	1
2853	Lawton	36	1
2854	Layton	44	1
2855	Le Mars	15	1
2856	Le Ray	32	1
2857	Le Roy	32	1
2858	Lea Hill	47	1
2859	Leacock-Leola-Bareville	38	1
2860	League City	43	1
2861	Leander	43	1
2862	Leavenworth	16	1
2863	Leawood	16	1
2864	Lebanon	14	1
2865	Lebanon	7	1
2866	Lebanon	38	1
2867	Lebanon	42	1
2868	Lebanon	37	1
2869	Lebanon	35	1
2870	Lebanon	29	1
2871	Lebanon	25	1
2872	Ledyard	7	1
2873	Lee	32	1
2874	Lees Summit	25	1
2875	Leeds	1	1
2876	Leesburg	9	1
2877	Leesburg	46	1
2878	Leesville	18	1
2879	Lehi	44	1
2880	Lehigh Acres	9	1
2881	Leicester	21	1
2882	Leisure City	9	1
2883	Leisure Village West-Pine Lake Park	30	1
2884	Leitchfield	17	1
2885	Lemay	25	1
2886	Lemmon Valley-Golden Valley	28	1
2887	Lemon Grove	5	1
2888	Lemont	13	1
2889	Lemoore	5	1
2890	Lenexa	16	1
2891	Lennox	5	1
2892	Lenoir	33	1
2893	Lenoir City	42	1
2894	Lenox	32	1
2895	Leominster	21	1
2896	Leon Valley	43	1
2897	Leonia	30	1
2898	Levelland	43	1
2899	Levittown	38	1
2900	Levittown	32	1
2901	Lewisboro	32	1
2902	Lewisburg	42	1
2903	Lewiston	19	1
2904	Lewiston	32	1
2905	Lewiston	12	1
2906	Lewistown	38	1
2907	Lewisville	33	1
2908	Lewisville	43	1
2909	Lexington	46	1
2910	Lexington	33	1
2911	Lexington	40	1
2912	Lexington	42	1
2913	Lexington	21	1
2914	Lexington	27	1
2915	Lexington	21	1
2916	Lexington Park	20	1
2917	Lexington-Fayette	17	1
2918	Liberal	16	1
2919	Liberty	25	1
2920	Liberty	32	1
2921	Liberty	43	1
2922	Libertyville	13	1
2923	Lighthouse Point	9	1
2924	Lilburn	10	1
2925	Lima	35	1
2926	Lincoln	39	1
2927	Lincoln	27	1
2928	Lincoln	21	1
2929	Lincoln	13	1
2930	Lincoln	5	1
2931	Lincoln City	37	1
2932	Lincoln Park	22	1
2933	Lincoln Park	30	1
2934	Lincoln Village	35	1
2935	Lincolnia	46	1
2936	Lincolnshire	13	1
2937	Lincolnton	33	1
2938	Lincolnwood	13	1
2939	Lincroft	30	1
2940	Linda	5	1
2941	Linden	30	1
2942	Lindenhurst	32	1
2943	Lindenhurst	13	1
2944	Lindenwold	30	1
2945	Lindon	44	1
2946	Lindsay	5	1
2947	Linganore-Bartonsville	20	1
2948	Linglestown	38	1
2949	Lino Lakes	23	1
2950	Linthicum	20	1
2951	Linton Hall	46	1
2952	Linwood	30	1
2953	Lionville-Marchwood	38	1
2954	Lisbon	19	1
2955	Lisbon	49	1
2956	Lisle	13	1
2957	Litchfield	13	1
2958	Litchfield	7	1
2959	Litchfield	23	1
2960	Litchfield	29	1
2961	Lititz	38	1
2962	Little Canada	23	1
2963	Little Chute	49	1
2964	Little Cottonwood Creek Valley	44	1
2965	Little Falls	23	1
2966	Little Falls	30	1
2967	Little Ferry	30	1
2968	Little River	40	1
2969	Little Rock	4	1
2970	Little Silver	30	1
2971	Littlefield	43	1
2972	Littleton	21	1
2973	Littleton	6	1
2974	Live Oak	9	1
2975	Live Oak	5	1
2976	Live Oak	5	1
2977	Live Oak	43	1
2978	Livermore	5	1
2979	Livingston	5	1
2980	Livingston	26	1
2981	Livingston	30	1
2982	Livonia	32	1
2983	Livonia	22	1
2984	Lloyd	32	1
2985	Lochearn	20	1
2986	Lock Haven	38	1
2987	Lockhart	9	1
2988	Lockhart	43	1
2989	Lockport	13	1
2990	Lockport	32	1
2991	Lockport	32	1
2992	Lodi	30	1
2993	Lodi	5	1
2994	Logan	35	1
2995	Logan	44	1
2996	Logansport	14	1
2997	Loma Linda	5	1
2998	Lombard	13	1
2999	Lomita	5	1
3000	Lompoc	5	1
3001	London	35	1
3002	Londonderry	29	1
3003	Londonderry	29	1
3004	Londontowne	20	1
3005	Long Beach	5	1
3006	Long Beach	24	1
3007	Long Beach	32	1
3008	Long Branch	30	1
3009	Long Grove	13	1
3010	Longboat Key	9	1
3011	Longmeadow	21	1
3012	Longmeadow	21	1
3013	Longmont	6	1
3014	Longview	47	1
3015	Longview	43	1
3016	Longwood	9	1
3017	Loomis	5	1
3018	Lorain	35	1
3019	Lorton	46	1
3020	Los Alamitos	5	1
3021	Los Alamos	31	1
3022	Los Altos	5	1
3023	Los Altos Hills	5	1
3024	Los Angeles	5	1
3025	Los Banos	5	1
3026	Los Gatos	5	1
3027	Los Lunas	31	1
3028	Louisville	24	1
3029	Louisville	35	1
3030	Louisville	6	1
3031	Louisville	17	1
3032	Loveland	6	1
3033	Loveland	35	1
3034	Loves Park	13	1
3035	Lovington	31	1
3036	Lowell	21	1
3037	Lowell	14	1
3038	Lower Allen	38	1
3039	Lower Burrell	38	1
3040	Lubbock	43	1
3041	Lucas Valley-Marinwood	5	1
3042	Ludington	22	1
3043	Ludlow	21	1
3044	Lufkin	43	1
3045	Lugoff	40	1
3046	Luling	18	1
3047	Lumberton	33	1
3048	Lumberton	43	1
3049	Lunenburg	21	1
3050	Lutherville-Timonium	20	1
3051	Lutz	9	1
3052	Lynbrook	32	1
3053	Lynchburg	46	1
3054	Lynden	47	1
3055	Lyndhurst	35	1
3056	Lyndhurst	30	1
3057	Lyndon	17	1
3058	Lynn	21	1
3059	Lynn Haven	9	1
3060	Lynnfield	21	1
3061	Lynnfield	21	1
3062	Lynnwood	47	1
3063	Lynwood	13	1
3064	Lynwood	5	1
3065	Lyons	13	1
3066	Lysander	32	1
3067	Mableton	10	1
3068	Macedon	32	1
3069	Macedonia	35	1
3070	Machesney Park	13	1
3071	Macomb	13	1
3072	Macon	10	1
3073	Madeira	35	1
3074	Madera	5	1
3075	Madera Acres	5	1
3076	Madison	1	1
3077	Madison	14	1
3078	Madison	7	1
3079	Madison	30	1
3080	Madison	24	1
3081	Madison	41	1
3082	Madison	49	1
3083	Madison	49	1
3084	Madison Heights	46	1
3085	Madison Heights	22	1
3086	Madison Park	30	1
3087	Madisonville	17	1
3088	Magalia	5	1
3089	Magna	44	1
3090	Magnolia	4	1
3091	Mahopac	32	1
3092	Mahtomedi	23	1
3093	Maitland	9	1
3094	Makaha	11	1
3095	Makakilo City	11	1
3096	Makawao	11	1
3097	Malden	21	1
3098	Malibu	5	1
3099	Malone	32	1
3100	Malone	32	1
3101	Malta	32	1
3102	Maltby	47	1
3103	Malvern	4	1
3104	Malverne	32	1
3105	Mamakating	32	1
3106	Mamaroneck	32	1
3107	Mamaroneck	32	1
3108	Mammoth Lakes	5	1
3109	Manasquan	30	1
3110	Manassas	46	1
3111	Manassas Park	46	1
3112	Manchester	42	1
3113	Manchester	29	1
3114	Manchester	32	1
3115	Manchester	25	1
3116	Manchester	7	1
3117	Mandan	34	1
3118	Mandeville	18	1
3119	Mango	9	1
3120	Manhasset	32	1
3121	Manhattan	16	1
3122	Manhattan Beach	5	1
3123	Manistee	22	1
3124	Manitowoc	49	1
3125	Mankato	23	1
3126	Manlius	32	1
3127	Manorhaven	32	1
3128	Manorville	32	1
3129	Mansfield	21	1
3130	Mansfield	7	1
3131	Mansfield	43	1
3132	Mansfield	35	1
3133	Mansfield Center	21	1
3134	Manteca	5	1
3135	Manteno	13	1
3136	Mantua	46	1
3137	Manville	30	1
3138	Maple Glen	38	1
3139	Maple Grove	23	1
3140	Maple Heights	35	1
3141	Maple Valley	47	1
3142	Maplewood	23	1
3143	Maplewood	25	1
3144	Maplewood	30	1
3145	Maquoketa	15	1
3146	Marana	3	1
3147	Marathon	9	1
3148	Marblehead	21	1
3149	Marblehead	21	1
3150	Marcellus	32	1
3151	Marco Island	9	1
3152	Marcy	32	1
3153	Marengo	13	1
3154	Margate	9	1
3155	Margate City	30	1
3156	Marianna	9	1
3157	Marietta	10	1
3158	Marietta	35	1
3159	Marina	5	1
3160	Marina del Rey	5	1
3161	Marinette	49	1
3162	Marion	46	1
3163	Marion	35	1
3164	Marion	40	1
3165	Marion	4	1
3166	Marion	14	1
3167	Marion	15	1
3168	Marion	13	1
3169	Markham	13	1
3170	Marlborough	32	1
3171	Marlborough	21	1
3172	Marlin	43	1
3173	Marlow Heights	20	1
3174	Marlton	20	1
3175	Marlton	30	1
3176	Marquette	22	1
3177	Marrero	18	1
3178	Marshall	22	1
3179	Marshall	23	1
3180	Marshall	25	1
3181	Marshall	43	1
3182	Marshalltown	15	1
3183	Marshfield	21	1
3184	Marshfield	49	1
3185	Martha Lake	47	1
3186	Martin	42	1
3187	Martinez	10	1
3188	Martinez	5	1
3189	Martins Ferry	35	1
3190	Martinsburg	48	1
3191	Martinsville	46	1
3192	Martinsville	14	1
3193	Maryland City	20	1
3194	Maryland Heights	25	1
3195	Marysville	22	1
3196	Marysville	5	1
3197	Marysville	47	1
3198	Marysville	35	1
3199	Maryville	42	1
3200	Maryville	25	1
3201	Mashpee	21	1
3202	Mason	22	1
3203	Mason	35	1
3204	Mason City	15	1
3205	Masonboro	33	1
3206	Massapequa	32	1
3207	Massapequa Park	32	1
3208	Massena	32	1
3209	Massena	32	1
3210	Massillon	35	1
3211	Mastic	32	1
3212	Mastic Beach	32	1
3213	Matawan	30	1
3214	Mattapoisett	21	1
3215	Matteson	13	1
3216	Matthews	33	1
3217	Mattoon	13	1
3218	Mattydale	32	1
3219	Mauldin	40	1
3220	Maumee	35	1
3221	Maumelle	4	1
3222	Mayfield	17	1
3223	Mayfield	32	1
3224	Mayfield Heights	35	1
3225	Maynard	21	1
3226	Maynard	21	1
3227	Mays Chapel	20	1
3228	Maysville	17	1
3229	Maywood	13	1
3230	Maywood	5	1
3231	Maywood	30	1
3232	McAlester	36	1
3233	McAllen	43	1
3234	McCandless Township	38	1
3235	McComb	24	1
3236	McCook	27	1
3237	McDonough	10	1
3238	McFarland	5	1
3239	McFarland	49	1
3240	McGregor	9	1
3241	McGuire AFB	30	1
3242	McHenry	13	1
3243	McKees Rocks	38	1
3244	McKeesport	38	1
3245	McKinleyville	5	1
3246	McKinney	43	1
3247	McLean	46	1
3248	McMinnville	42	1
3249	McMinnville	37	1
3250	McPherson	16	1
3251	Meadow Woods	9	1
3252	Meadville	38	1
3253	Mebane	33	1
3254	Mechanicsburg	38	1
3255	Mechanicstown	32	1
3256	Mechanicsville	46	1
3257	Medfield	21	1
3258	Medfield	21	1
3259	Medford	21	1
3260	Medford	32	1
3261	Medford	37	1
3262	Medina	35	1
3263	Medina	32	1
3264	Medulla	9	1
3265	Medway	21	1
3266	Mehlville	25	1
3267	Melbourne	9	1
3268	Melrose	21	1
3269	Melrose Park	9	1
3270	Melrose Park	13	1
3271	Melville	32	1
3272	Melvindale	22	1
3273	Memphis	9	1
3274	Memphis	42	1
3275	Menasha	49	1
3276	Menasha	49	1
3277	Mendon	32	1
3278	Mendota	5	1
3279	Mendota	13	1
3280	Mendota Heights	23	1
3281	Menlo Park	5	1
3282	Menominee	22	1
3283	Menomonee Falls	49	1
3284	Menomonie	49	1
3285	Mentone	5	1
3286	Mentor	35	1
3287	Mentor-on-the-Lake	35	1
3288	Mequon	49	1
3289	Meraux	18	1
3290	Merced	5	1
3291	Mercedes	43	1
3292	Mercer Island	47	1
3293	Mercerville-Hamilton Square	30	1
3294	Meriden	7	1
3295	Meriden	7	1
3296	Meridian	12	1
3297	Meridian	24	1
3298	Merriam	16	1
3299	Merrick	32	1
3300	Merrifield	46	1
3301	Merrill	49	1
3302	Merrillville	14	1
3303	Merrimac	21	1
3304	Merrimack	29	1
3305	Merritt Island	9	1
3306	Merrydale	18	1
3307	Merton	49	1
3308	Mesa	3	1
3309	Mesquite	28	1
3310	Mesquite	43	1
3311	Metairie	18	1
3312	Methuen	21	1
3313	Metropolis	13	1
3314	Metuchen	30	1
3315	Mexia	43	1
3316	Mexico	25	1
3317	Miami	9	1
3318	Miami	36	1
3319	Miami Beach	9	1
3320	Miami Lakes	9	1
3321	Miami Shores	9	1
3322	Miami Springs	9	1
3323	Miamisburg	35	1
3324	Micco	9	1
3325	Michigan City	14	1
3326	Middle Island	32	1
3327	Middle River	20	1
3328	Middle Valley	42	1
3329	Middleborough	21	1
3330	Middleborough Center	21	1
3331	Middleburg	9	1
3332	Middleburg Heights	35	1
3333	Middlebury	45	1
3334	Middlebury	45	1
3335	Middlebury	7	1
3336	Middlesborough	17	1
3337	Middlesex	30	1
3338	Middleton	21	1
3339	Middleton	49	1
3340	Middletown	35	1
3341	Middletown	38	1
3342	Middletown	38	1
3343	Middletown	39	1
3344	Middletown	32	1
3345	Middletown	7	1
3346	Middletown	7	1
3347	Middletown	8	1
3348	Midland	22	1
3349	Midland	43	1
3350	Midland	47	1
3351	Midland Park	30	1
3352	Midlothian	13	1
3353	Midlothian	43	1
3354	Midvale	44	1
3355	Midwest City	36	1
3356	Milan	42	1
3357	Miles City	26	1
3358	Milford	29	1
3359	Milford	29	1
3360	Milford	22	1
3361	Milford	21	1
3362	Milford	21	1
3363	Milford	8	1
3364	Milford	7	1
3365	Milford	7	1
3366	Milford	35	1
3367	Milford Mill	20	1
3368	Mililani Town	11	1
3369	Mill Creek	47	1
3370	Mill Plain	47	1
3371	Mill Valley	5	1
3372	Millbrae	5	1
3373	Millbrook	1	1
3374	Millburn	30	1
3375	Millbury	21	1
3376	Millcreek	44	1
3377	Milledgeville	10	1
3378	Miller Place	32	1
3379	Millersville	38	1
3380	Millington	42	1
3381	Millis	21	1
3382	Milltown	30	1
3383	Millville	30	1
3384	Milo	32	1
3385	Milpitas	5	1
3386	Milton	9	1
3387	Milton	32	1
3388	Milton	21	1
3389	Milton	21	1
3390	Milton	38	1
3391	Milton	45	1
3392	Milton-Freewater	37	1
3393	Milwaukee	49	1
3394	Milwaukie	37	1
3395	Mims	9	1
3396	Minden	18	1
3397	Mineola	32	1
3398	Mineral Wells	43	1
3399	Minneapolis	23	1
3400	Minnehaha	47	1
3401	Minnetonka	23	1
3402	Minot	34	1
3403	Minot AFB	34	1
3404	Mint Hill	33	1
3405	Mira Loma	5	1
3406	Mira Monte	5	1
3407	Miramar	9	1
3408	Mishawaka	14	1
3409	Mission	16	1
3410	Mission	43	1
3411	Mission Bend	43	1
3412	Mission Viejo	5	1
3413	Missoula	26	1
3414	Missouri City	43	1
3415	Mitchell	41	1
3416	Mitchellville	20	1
3417	Moberly	25	1
3418	Mobile	1	1
3419	Modesto	5	1
3420	Mohave Valley	3	1
3421	Mokena	13	1
3422	Moline	13	1
3423	Monaca	38	1
3424	Monahans	43	1
3425	Monessen	38	1
3426	Monett	25	1
3427	Monmouth	13	1
3428	Monmouth	37	1
3429	Monona	49	1
3430	Monroe	49	1
3431	Monroe	47	1
3432	Monroe	35	1
3433	Monroe	7	1
3434	Monroe	10	1
3435	Monroe	22	1
3436	Monroe	18	1
3437	Monroe	33	1
3438	Monroe	32	1
3439	Monroe	32	1
3440	Monroeville	1	1
3441	Monrovia	5	1
3442	Monsey	32	1
3443	Monson	21	1
3444	Montague	21	1
3445	Montclair	30	1
3446	Montclair	5	1
3447	Montclair	46	1
3448	Montebello	5	1
3449	Montecito	5	1
3450	Monterey	5	1
3451	Monterey Park	5	1
3452	Montgomery	1	1
3453	Montgomery	32	1
3454	Montgomery	35	1
3455	Montgomery Village	20	1
3456	Montgomeryville	38	1
3457	Monticello	23	1
3458	Monticello	32	1
3459	Monticello	4	1
3460	Montpelier	45	1
3461	Montrose	46	1
3462	Montrose	6	1
3463	Montvale	30	1
3464	Montville	7	1
3465	Moody	1	1
3466	Moore	36	1
3467	Moorestown-Lenola	30	1
3468	Mooresville	33	1
3469	Mooresville	14	1
3470	Moorhead	23	1
3471	Moorpark	5	1
3472	Moraga	5	1
3473	Moraine	35	1
3474	Moreau	32	1
3475	Morehead City	33	1
3476	Moreno Valley	5	1
3477	Morgan City	18	1
3478	Morgan Hill	5	1
3479	Morganton	33	1
3480	Morgantown	48	1
3481	Morganville	30	1
3482	Morrilton	4	1
3483	Morris	13	1
3484	Morristown	30	1
3485	Morristown	42	1
3486	Morrisville	38	1
3487	Morro Bay	5	1
3488	Morton	13	1
3489	Morton Grove	13	1
3490	Moscow	12	1
3491	Moses Lake	47	1
3492	Moss Bluff	18	1
3493	Moss Point	24	1
3494	Moultrie	10	1
3495	Mound	23	1
3496	Mounds View	23	1
3497	Moundsville	48	1
3498	Mount Airy	20	1
3499	Mount Airy	33	1
3500	Mount Carmel	13	1
3501	Mount Carmel	38	1
3502	Mount Clemens	22	1
3503	Mount Dora	9	1
3504	Mount Healthy	35	1
3505	Mount Holly	33	1
3506	Mount Hope	32	1
3507	Mount Ivy	32	1
3508	Mount Joy	38	1
3509	Mount Juliet	42	1
3510	Mount Kisco	32	1
3511	Mount Kisco	32	1
3512	Mount Lebanon	38	1
3513	Mount Olympus	44	1
3514	Mount Pleasant	43	1
3515	Mount Pleasant	49	1
3516	Mount Pleasant	40	1
3517	Mount Pleasant	32	1
3518	Mount Pleasant	22	1
3519	Mount Pleasant	15	1
3520	Mount Prospect	13	1
3521	Mount Rainier	20	1
3522	Mount Sinai	32	1
3523	Mount Vernon	32	1
3524	Mount Vernon	13	1
3525	Mount Vernon	14	1
3526	Mount Vernon	35	1
3527	Mount Vernon	47	1
3528	Mount Vernon	46	1
3529	Mount Washington	17	1
3530	Mountain Brook	1	1
3531	Mountain Home	4	1
3532	Mountain Home	12	1
3533	Mountain Home AFB	12	1
3534	Mountain Park	10	1
3535	Mountain Top	38	1
3536	Mountain View	5	1
3537	Mountainside	30	1
3538	Mountlake Terrace	47	1
3539	Mukilteo	47	1
3540	Mukwonago	49	1
3541	Mukwonago	49	1
3542	Muncie	14	1
3543	Mundelein	13	1
3544	Munhall	38	1
3545	Municipality of Monroeville	38	1
3546	Municipality of Murrysville	38	1
3547	Munster	14	1
3548	Murfreesboro	42	1
3549	Murphy	25	1
3550	Murphysboro	13	1
3551	Murray	17	1
3552	Murray	32	1
3553	Murray	44	1
3554	Murraysville	33	1
3555	Murrieta	5	1
3556	Muscatine	15	1
3557	Muscle Shoals	1	1
3558	Muscoy	5	1
3559	Muskego	49	1
3560	Muskegon	22	1
3561	Muskegon Heights	22	1
3562	Muskogee	36	1
3563	Mustang	36	1
3564	Myrtle Beach	40	1
3565	Myrtle Grove	33	1
3566	Myrtle Grove	9	1
3567	Mystic Island	30	1
3568	Nacogdoches	43	1
3569	Nampa	12	1
3570	Nanakuli	11	1
3571	Nanticoke	38	1
3572	Nantucket	21	1
3573	Nanuet	32	1
3574	Napa	5	1
3575	Naperville	13	1
3576	Napili-Honokowai	11	1
3577	Naples	9	1
3578	Naples Park	9	1
3579	Napoleon	35	1
3580	Nappanee	14	1
3581	Narragansett	39	1
3582	Nashua	29	1
3583	Nashville-Davidson	42	1
3584	Natchez	24	1
3585	Natchitoches	18	1
3586	Natick	21	1
3587	National City	5	1
3588	Naugatuck	7	1
3589	Naugatuck	7	1
3590	Navasota	43	1
3591	Nazareth	38	1
3592	Nebraska City	27	1
3593	Nederland	43	1
3594	Needham	21	1
3595	Needham	21	1
3596	Neenah	49	1
3597	Nellis AFB	28	1
3598	Neosho	25	1
3599	Neptune Beach	9	1
3600	Nesconset	32	1
3601	Nether Providence Township	38	1
3602	Nevada	25	1
3603	Nevada	15	1
3604	New Albany	14	1
3605	New Albany	24	1
3606	New Baltimore	22	1
3607	New Bedford	21	1
3608	New Berlin	49	1
3609	New Bern	33	1
3610	New Braunfels	43	1
3611	New Brighton	38	1
3612	New Brighton	23	1
3613	New Britain	7	1
3614	New Britain	7	1
3615	New Brunswick	30	1
3616	New Canaan	7	1
3617	New Carrollton	20	1
3618	New Cassel	32	1
3619	New Castle	32	1
3620	New Castle	38	1
3621	New Castle	14	1
3622	New City	32	1
3623	New Cumberland	38	1
3624	New Fairfield	7	1
3625	New Hartford	7	1
3626	New Hartford	32	1
3627	New Haven	7	1
3628	New Haven	7	1
3629	New Haven	14	1
3630	New Hope	23	1
3631	New Hyde Park	32	1
3632	New Iberia	18	1
3633	New Kensington	38	1
3634	New Kingman-Butler	3	1
3635	New Lenox	13	1
3636	New London	7	1
3637	New London	7	1
3638	New London	49	1
3639	New Milford	7	1
3640	New Milford	7	1
3641	New Milford	30	1
3642	New Orleans	18	1
3643	New Paltz	32	1
3644	New Paltz	32	1
3645	New Philadelphia	35	1
3646	New Port Richey	9	1
3647	New Port Richey East	9	1
3648	New Providence	30	1
3649	New Richmond	49	1
3650	New River	3	1
3651	New Rochelle	32	1
3652	New Scotland	32	1
3653	New Smyrna Beach	9	1
3654	New Territory	43	1
3655	New Ulm	23	1
3656	New Windsor	32	1
3657	New Windsor	32	1
3658	New York	32	1
3659	Newark	30	1
3660	Newark	32	1
3661	Newark	35	1
3662	Newark	8	1
3663	Newark	5	1
3664	Newberg	37	1
3665	Newberry	40	1
3666	Newburg	17	1
3667	Newburgh	32	1
3668	Newburgh	32	1
3669	Newbury	21	1
3670	Newburyport	21	1
3671	Newcastle	47	1
3672	Newfane	32	1
3673	Newington	46	1
3674	Newington	7	1
3675	Newington	7	1
3676	Newman	5	1
3677	Newmarket	29	1
3678	Newnan	10	1
3679	Newport	4	1
3680	Newport	17	1
3681	Newport	29	1
3682	Newport	42	1
3683	Newport	39	1
3684	Newport	37	1
3685	Newport Beach	5	1
3686	Newport East	39	1
3687	Newport News	46	1
3688	Newstead	32	1
3689	Newton	33	1
3690	Newton	16	1
3691	Newton	15	1
3692	Newton	21	1
3693	Newton	30	1
3694	Newtown	7	1
3695	Niagara	32	1
3696	Niagara Falls	32	1
3697	Niceville	9	1
3698	Nicholasville	17	1
3699	Niles	22	1
3700	Niles	13	1
3701	Niles	35	1
3702	Nipomo	5	1
3703	Niskayuna	32	1
3704	Nitro	48	1
3705	Nixa	25	1
3706	Noblesville	14	1
3707	Nogales	3	1
3708	Norco	5	1
3709	Norcross	10	1
3710	Norfolk	21	1
3711	Norfolk	27	1
3712	Norfolk	46	1
3713	Norland	9	1
3714	Normal	13	1
3715	Norman	36	1
3716	Normandy Park	47	1
3717	Norridge	13	1
3718	Norristown	38	1
3719	North Adams	21	1
3720	North Amherst	21	1
3721	North Amityville	32	1
3722	North Andover	21	1
3723	North Andrews Gardens	9	1
3724	North Arlington	30	1
3725	North Atlanta	10	1
3726	North Attleborough	21	1
3727	North Attleborough Center	21	1
3728	North Auburn	5	1
3729	North Augusta	40	1
3730	North Aurora	13	1
3731	North Babylon	32	1
3732	North Bay Shore	32	1
3733	North Bay Village	9	1
3734	North Bellmore	32	1
3735	North Bellport	32	1
3736	North Bend	37	1
3737	North Bethesda	20	1
3738	North Braddock	38	1
3739	North Branch	23	1
3740	North Branford	7	1
3741	North Brunswick Township	30	1
3742	North Caldwell	30	1
3743	North Canton	35	1
3744	North Castle	32	1
3745	North Charleston	40	1
3746	North Chicago	13	1
3747	North College Hill	35	1
3748	North Creek	47	1
3749	North Decatur	10	1
3750	North Druid Hills	10	1
3751	North Elba	32	1
3752	North Fair Oaks	5	1
3753	North Fort Myers	9	1
3754	North Greenbush	32	1
3755	North Haledon	30	1
3756	North Haven	7	1
3757	North Haven	7	1
3758	North Hempstead	32	1
3759	North Highlands	5	1
3760	North Kensington	20	1
3761	North Kingstown	39	1
3762	North Las Vegas	28	1
3763	North Lauderdale	9	1
3764	North Laurel	20	1
3765	North Lindenhurst	32	1
3766	North Little Rock	4	1
3767	North Logan	44	1
3768	North Madison	35	1
3769	North Manchester	14	1
3770	North Mankato	23	1
3771	North Marysville	47	1
3772	North Massapequa	32	1
3773	North Merrick	32	1
3774	North Miami	9	1
3775	North Miami Beach	9	1
3776	North Myrtle Beach	40	1
3777	North New Hyde Park	32	1
3778	North Ogden	44	1
3779	North Olmsted	35	1
3780	North Palm Beach	9	1
3781	North Patchogue	32	1
3782	North Plainfield	30	1
3783	North Platte	27	1
3784	North Port	9	1
3785	North Potomac	20	1
3786	North Providence	39	1
3787	North Providence	39	1
3788	North Reading	21	1
3789	North Richland Hills	43	1
3790	North Ridgeville	35	1
3791	North Riverside	13	1
3792	North Royalton	35	1
3793	North Salt Lake	44	1
3794	North Sarasota	9	1
3795	North Smithfield	39	1
3796	North Springfield	46	1
3797	North St. Paul	23	1
3798	North Star	8	1
3799	North Syracuse	32	1
3800	North Tonawanda	32	1
3801	North Valley	31	1
3802	North Valley Stream	32	1
3803	North Vernon	14	1
3804	North Versailles	38	1
3805	North Wantagh	32	1
3806	Northampton	38	1
3807	Northampton	21	1
3808	Northborough	21	1
3809	Northborough	21	1
3810	Northbridge	21	1
3811	Northbrook	13	1
3812	Northbrook	35	1
3813	Northfield	23	1
3814	Northfield	30	1
3815	Northgate	35	1
3816	Northglenn	6	1
3817	Northlake	13	1
3818	Northport	1	1
3819	Northport	32	1
3820	Northridge	35	1
3821	Northridge	35	1
3822	Northview	22	1
3823	Northville	22	1
3824	Northwest Harborcreek	38	1
3825	Norton	35	1
3826	Norton	21	1
3827	Norton Shores	22	1
3828	Norwalk	15	1
3829	Norwalk	7	1
3830	Norwalk	5	1
3831	Norwalk	7	1
3832	Norwalk	35	1
3833	Norway	49	1
3834	Norwell	21	1
3835	Norwich	32	1
3836	Norwich	7	1
3837	Norwich	7	1
3838	Norwood	21	1
3839	Norwood	21	1
3840	Norwood	35	1
3841	Novato	5	1
3842	Novi	22	1
3843	Nutley	30	1
3844	Nyack	32	1
3845	OFallon	13	1
3846	OFallon	25	1
3847	OHara Township	38	1
3848	Oak Brook	13	1
3849	Oak Creek	49	1
3850	Oak Forest	13	1
3851	Oak Grove	17	1
3852	Oak Grove	40	1
3853	Oak Grove	37	1
3854	Oak Grove	23	1
3855	Oak Harbor	47	1
3856	Oak Hill	48	1
3857	Oak Hills	37	1
3858	Oak Hills Place	18	1
3859	Oak Island	33	1
3860	Oak Lawn	13	1
3861	Oak Park	13	1
3862	Oak Park	22	1
3863	Oak Ridge	42	1
3864	Oak Ridge	9	1
3865	Oakbrook	17	1
3866	Oakdale	18	1
3867	Oakdale	5	1
3868	Oakdale	23	1
3869	Oakdale	32	1
3870	Oakland	30	1
3871	Oakland	5	1
3872	Oakland Park	9	1
3873	Oakley	5	1
3874	Oakmont	38	1
3875	Oakton	46	1
3876	Oakville	25	1
3877	Oakville	7	1
3878	Oakwood	35	1
3879	Oatfield	37	1
3880	Oberlin	35	1
3881	Ocala	9	1
3882	Ocean Acres	30	1
3883	Ocean City	30	1
3884	Ocean City	20	1
3885	Ocean Pines	20	1
3886	Ocean Springs	24	1
3887	Oceano	5	1
3888	Oceanside	5	1
3889	Oceanside	32	1
3890	Ocoee	9	1
3891	Oconomowoc	49	1
3892	Oconomowoc	49	1
3893	Odenton	20	1
3894	Odessa	43	1
3895	Oelwein	15	1
3896	Offutt AFB	27	1
3897	Ogden	32	1
3898	Ogden	44	1
3899	Ogdensburg	32	1
3900	Oil City	38	1
3901	Oildale	5	1
3902	Ojai	5	1
3903	Ojus	9	1
3904	Okemos	22	1
3905	Oklahoma City	36	1
3906	Okmulgee	36	1
3907	Okolona	17	1
3908	Olathe	16	1
3909	Old Bridge	30	1
3910	Old Forge	38	1
3911	Old Lyme	7	1
3912	Old Orchard Beach	19	1
3913	Old Orchard Beach	19	1
3914	Old Saybrook	7	1
3915	Old Town	19	1
3916	Oldsmar	9	1
3917	Olean	32	1
3918	Olive Branch	24	1
3919	Olivehurst	5	1
3920	Olivette	25	1
3921	Olmsted Falls	35	1
3922	Olney	20	1
3923	Olney	13	1
3924	Olympia	47	1
3925	Olympia Heights	9	1
3926	Omaha	27	1
3927	Onalaska	49	1
3928	Oneida	32	1
3929	Oneonta	32	1
3930	Onondaga	32	1
3931	Ontario	32	1
3932	Ontario	37	1
3933	Ontario	5	1
3934	Opa-locka	9	1
3935	Opa-locka North	9	1
3936	Opal Cliffs	5	1
3937	Opelika	1	1
3938	Opelousas	18	1
3939	Opp	1	1
3940	Opportunity	47	1
3941	Oquirrh	44	1
3942	Oradell	30	1
3943	Orange	30	1
3944	Orange	21	1
3945	Orange	43	1
3946	Orange	7	1
3947	Orange	5	1
3948	Orange	7	1
3949	Orange City	9	1
3950	Orange Cove	5	1
3951	Orange Lake	32	1
3952	Orange Park	9	1
3953	Orangeburg	40	1
3954	Orangetown	32	1
3955	Orangevale	5	1
3956	Orchard Mesa	6	1
3957	Orchard Park	32	1
3958	Orchards	47	1
3959	Orcutt	5	1
3960	Oregon	35	1
3961	Oregon	49	1
3962	Oregon City	37	1
3963	Orem	44	1
3964	Orinda	5	1
3965	Orland	5	1
3966	Orland Hills	13	1
3967	Orland Park	13	1
3968	Orlando	9	1
3969	Orleans	21	1
3970	Orlovista	9	1
3971	Ormond Beach	9	1
3972	Ormond-By-The-Sea	9	1
3973	Oro Valley	3	1
3974	Orono	19	1
3975	Orono	19	1
3976	Orono	23	1
3977	Orosi	5	1
3978	Oroville	5	1
3979	Oroville East	5	1
3980	Orrville	35	1
3981	Osceola	4	1
3982	Oshkosh	49	1
3983	Oskaloosa	15	1
3984	Ossining	32	1
3985	Ossining	32	1
3986	Oswego	32	1
3987	Oswego	32	1
3988	Oswego	13	1
3989	Otis Orchards-East Farms	47	1
3990	Otsego	23	1
3991	Ottawa	13	1
3992	Ottawa	16	1
3993	Ottumwa	15	1
3994	Overland	25	1
3995	Overland Park	16	1
3996	Overlea	20	1
3997	Oviedo	9	1
3998	Owasso	36	1
3999	Owatonna	23	1
4000	Owego	32	1
4001	Owensboro	17	1
4002	Owings Mills	20	1
4003	Owosso	22	1
4004	Oxford	21	1
4005	Oxford	24	1
4006	Oxford	33	1
4007	Oxford	35	1
4008	Oxford	7	1
4009	Oxford	1	1
4010	Oxnard	5	1
4011	Oxon Hill-Glassmanor	20	1
4012	Oyster Bay	32	1
4013	Oyster Bay	32	1
4014	Ozark	25	1
4015	Ozark	1	1
4016	Pace	9	1
4017	Pacific Grove	5	1
4018	Pacifica	5	1
4019	Paducah	17	1
4020	Page	3	1
4021	Pahrump	28	1
4022	Paine Field-Lake Stickney	47	1
4023	Painesville	35	1
4024	Palatine	13	1
4025	Palatka	9	1
4026	Palestine	43	1
4027	Palisades Park	30	1
4028	Palm Bay	9	1
4029	Palm Beach	9	1
4030	Palm Beach Gardens	9	1
4031	Palm City	9	1
4032	Palm Coast	9	1
4033	Palm Desert	5	1
4034	Palm Harbor	9	1
4035	Palm River-Clair Mel	9	1
4036	Palm Springs	9	1
4037	Palm Springs	5	1
4038	Palm Valley	9	1
4039	Palmdale	5	1
4040	Palmer	21	1
4041	Palmetto	9	1
4042	Palmetto Estates	9	1
4043	Palmview South	43	1
4044	Palmyra	38	1
4045	Palmyra	30	1
4046	Palmyra	32	1
4047	Palo Alto	5	1
4048	Palos Heights	13	1
4049	Palos Hills	13	1
4050	Palos Verdes Estates	5	1
4051	Pampa	43	1
4052	Panama City	9	1
4053	Panama City Beach	9	1
4054	Panthersville	10	1
4055	Papillion	27	1
4056	Paradise	28	1
4057	Paradise	5	1
4058	Paradise Valley	3	1
4059	Paragould	4	1
4060	Paramount	5	1
4061	Paramus	30	1
4062	Paris	43	1
4063	Paris	42	1
4064	Paris	13	1
4065	Paris	17	1
4066	Park City	13	1
4067	Park City	44	1
4068	Park Forest	13	1
4069	Park Forest Village	38	1
4070	Park Hills	25	1
4071	Park Ridge	30	1
4072	Park Ridge	13	1
4073	Parker	6	1
4074	Parker	40	1
4075	Parkersburg	48	1
4076	Parkland	47	1
4077	Parkland	9	1
4078	Parkville	20	1
4079	Parkville	38	1
4080	Parkway-South Sacramento	5	1
4081	Parkwood	47	1
4082	Parlier	5	1
4083	Parma	32	1
4084	Parma	35	1
4085	Parma Heights	35	1
4086	Parole	20	1
4087	Parsons	16	1
4088	Pasadena	20	1
4089	Pasadena	5	1
4090	Pasadena	43	1
4091	Pascagoula	24	1
4092	Pasco	47	1
4093	Pass Christian	24	1
4094	Passaic	30	1
4095	Pataskala	35	1
4096	Patchogue	32	1
4097	Paterson	30	1
4098	Patterson	32	1
4099	Patterson	5	1
4100	Pauls Valley	36	1
4101	Paulsboro	30	1
4102	Pawling	32	1
4103	Pawtucket	39	1
4104	Payette	12	1
4105	Payson	3	1
4106	Payson	44	1
4107	Pea Ridge	48	1
4108	Peabody	21	1
4109	Peachtree City	10	1
4110	Pearl	24	1
4111	Pearl City	11	1
4112	Pearl River	32	1
4113	Pearland	43	1
4114	Pearsall	43	1
4115	Pecan Grove	43	1
4116	Pecos	43	1
4117	Pedley	5	1
4118	Peekskill	32	1
4119	Pekin	13	1
4120	Pelham	1	1
4121	Pelham	32	1
4122	Pelham	32	1
4123	Pelham	29	1
4124	Pell City	1	1
4125	Pella	15	1
4126	Pembroke	21	1
4127	Pembroke	29	1
4128	Pembroke Park	9	1
4129	Pembroke Pines	9	1
4130	Pendleton	32	1
4131	Pendleton	37	1
4132	Penfield	32	1
4133	Penn Hills	38	1
4134	Pennsauken	30	1
4135	Pennsville	30	1
4136	Pensacola	9	1
4137	Peoria	3	1
4138	Peoria	13	1
4139	Peoria Heights	13	1
4140	Pepper Pike	35	1
4141	Pepperell	21	1
4142	Perinton	32	1
4143	Perkasie	38	1
4144	Perris	5	1
4145	Perry	9	1
4146	Perry	15	1
4147	Perry	10	1
4148	Perry	32	1
4149	Perry Hall	20	1
4150	Perry Heights	35	1
4151	Perrysburg	35	1
4152	Perryton	43	1
4153	Perryville	25	1
4154	Perth Amboy	30	1
4155	Peru	32	1
4156	Peru	13	1
4157	Peru	14	1
4158	Petal	24	1
4159	Petaluma	5	1
4160	Petersburg	46	1
4161	Petoskey	22	1
4162	Pewaukee	49	1
4163	Pewaukee	49	1
4164	Pflugerville	43	1
4165	Pharr	43	1
4166	Phelps	32	1
4167	Phenix City	1	1
4168	Philadelphia	24	1
4169	Philadelphia	38	1
4170	Philipstown	32	1
4171	Phillipsburg	30	1
4172	Phoenix	3	1
4173	Phoenixville	38	1
4174	Picayune	24	1
4175	Pickerington	35	1
4176	Picnic Point-North Lynnwood	47	1
4177	Pico Rivera	5	1
4178	Picture Rocks	3	1
4179	Piedmont	5	1
4180	Pierre	41	1
4181	Pike Creek	8	1
4182	Pikesville	20	1
4183	Pikeville	17	1
4184	Pimmit Hills	46	1
4185	Pine Bluff	4	1
4186	Pine Castle	9	1
4187	Pine Hill	30	1
4188	Pine Hills	9	1
4189	Pinecrest	9	1
4190	Pinehurst	21	1
4191	Pinehurst	33	1
4192	Pinellas Park	9	1
4193	Pineville	18	1
4194	Pinewood	9	1
4195	Piney Green	33	1
4196	Pinole	5	1
4197	Piqua	35	1
4198	Pismo Beach	5	1
4199	Pitman	30	1
4200	Pittsburg	5	1
4201	Pittsburg	16	1
4202	Pittsburgh	38	1
4203	Pittsfield	21	1
4204	Pittsford	32	1
4205	Pittston	38	1
4206	Placentia	5	1
4207	Placerville	5	1
4208	Plainedge	32	1
4209	Plainfield	30	1
4210	Plainfield	7	1
4211	Plainfield	14	1
4212	Plainfield	13	1
4213	Plainview	32	1
4214	Plainview	43	1
4215	Plainville	21	1
4216	Plainville	7	1
4217	Plaistow	29	1
4218	Plano	43	1
4219	Plant City	9	1
4220	Plantation	9	1
4221	Plaquemine	18	1
4222	Plattekill	32	1
4223	Platteville	49	1
4224	Plattsburgh	32	1
4225	Plattsburgh	32	1
4226	Plattsmouth	27	1
4227	Pleasant Grove	44	1
4228	Pleasant Grove	1	1
4229	Pleasant Hill	5	1
4230	Pleasant Hills	38	1
4231	Pleasant Prairie	49	1
4232	Pleasant Valley	32	1
4233	Pleasanton	43	1
4234	Pleasanton	5	1
4235	Pleasantville	32	1
4236	Pleasantville	30	1
4237	Pleasure Ridge Park	17	1
4238	Plover	49	1
4239	Plum	38	1
4240	Plymouth	38	1
4241	Plymouth	21	1
4242	Plymouth	22	1
4243	Plymouth	21	1
4244	Plymouth	23	1
4245	Plymouth	14	1
4246	Plymouth	7	1
4247	Plymouth	49	1
4248	Plymouth Township	22	1
4249	Pocahontas	4	1
4250	Pocatello	12	1
4251	Poinciana	9	1
4252	Point Pleasant	30	1
4253	Pomfret	32	1
4254	Pomona	5	1
4255	Pompano Beach	9	1
4256	Pompano Beach Highlands	9	1
4257	Pompey	32	1
4258	Pompton Lakes	30	1
4259	Ponca City	36	1
4260	Pontiac	13	1
4261	Pontiac	22	1
4262	Pooler	10	1
4263	Poplar Bluff	25	1
4264	Poquoson	46	1
4265	Port Angeles	47	1
4266	Port Arthur	43	1
4267	Port Charlotte	9	1
4268	Port Chester	32	1
4269	Port Clinton	35	1
4270	Port Hueneme	5	1
4271	Port Huron	22	1
4272	Port Jefferson	32	1
4273	Port Jefferson Station	32	1
4274	Port Jervis	32	1
4275	Port Lavaca	43	1
4276	Port Neches	43	1
4277	Port Orange	9	1
4278	Port Orchard	47	1
4279	Port Salerno	9	1
4280	Port St. John	9	1
4281	Port St. Lucie	9	1
4282	Port Townsend	47	1
4283	Port Washington	32	1
4284	Port Washington	49	1
4285	Portage	49	1
4286	Portage	14	1
4287	Portage	22	1
4288	Portage Lakes	35	1
4289	Portales	31	1
4290	Porter	32	1
4291	Porterville	5	1
4292	Portland	7	1
4293	Portland	19	1
4294	Portland	14	1
4295	Portland	42	1
4296	Portland	43	1
4297	Portland	37	1
4298	Portola Hills	5	1
4299	Portsmouth	39	1
4300	Portsmouth	35	1
4301	Portsmouth	29	1
4302	Portsmouth	46	1
4303	Post Falls	12	1
4304	Poteau	36	1
4305	Potomac	20	1
4306	Potsdam	32	1
4307	Potsdam	32	1
4308	Pottstown	38	1
4309	Pottsville	38	1
4310	Poughkeepsie	32	1
4311	Poughkeepsie	32	1
4312	Poulsbo	47	1
4313	Poway	5	1
4314	Powder Springs	10	1
4315	Powell	35	1
4316	Prairie du Chien	49	1
4317	Prairie Ridge	47	1
4318	Prairie Village	16	1
4319	Pratt	16	1
4320	Prattville	1	1
4321	Prescott	3	1
4322	Prescott Valley	3	1
4323	Presque Isle	19	1
4324	Price	44	1
4325	Prichard	1	1
4326	Prien	18	1
4327	Princeton	17	1
4328	Princeton	9	1
4329	Princeton	14	1
4330	Princeton	13	1
4331	Princeton	30	1
4332	Princeton	48	1
4333	Princeton Meadows	30	1
4334	Prineville	37	1
4335	Prior Lake	23	1
4336	Progress	38	1
4337	Prospect	7	1
4338	Prospect Heights	13	1
4339	Prospect Park	38	1
4340	Providence	39	1
4341	Provo	44	1
4342	Prunedale	5	1
4343	Pryor Creek	36	1
4344	Pueblo	6	1
4345	Pueblo West	6	1
4346	Pukalani	11	1
4347	Pulaski	42	1
4348	Pulaski	46	1
4349	Pullman	47	1
4350	Punta Gorda	9	1
4351	Punxsutawney	38	1
4352	Putnam	7	1
4353	Putnam District	7	1
4354	Putnam Valley	32	1
4355	Puyallup	47	1
4356	Quakertown	38	1
4357	Quantico Station	46	1
4358	Quartz Hill	5	1
4359	Queensbury	32	1
4360	Quincy	9	1
4361	Quincy	13	1
4362	Quincy	21	1
4363	Raceland	18	1
4364	Racine	49	1
4365	Radcliff	17	1
4366	Radford	46	1
4367	Radnor Township	38	1
4368	Rahway	30	1
4369	Rainbow City	1	1
4370	Raleigh	33	1
4371	Ralston	27	1
4372	Ramapo	32	1
4373	Ramblewood	30	1
4374	Ramona	5	1
4375	Ramsey	30	1
4376	Ramsey	23	1
4377	Rancho Cordova	5	1
4378	Rancho Cucamonga	5	1
4379	Rancho Mirage	5	1
4380	Rancho Palos Verdes	5	1
4381	Rancho San Diego	5	1
4382	Rancho Santa Margarita	5	1
4383	Randallstown	20	1
4384	Randolph	21	1
4385	Randolph	21	1
4386	Rantoul	13	1
4387	Rapid City	41	1
4388	Rapid Valley	41	1
4389	Raritan	30	1
4390	Raton	31	1
4391	Ravenna	35	1
4392	Rawlins	50	1
4393	Raymond	29	1
4394	Raymondville	43	1
4395	Raymore	25	1
4396	Rayne	18	1
4397	Raynham	21	1
4398	Raytown	25	1
4399	Reading	21	1
4400	Reading	21	1
4401	Reading	38	1
4402	Reading	35	1
4403	Red Bank	40	1
4404	Red Bank	42	1
4405	Red Bank	30	1
4406	Red Bluff	5	1
4407	Red Hill	40	1
4408	Red Hook	32	1
4409	Red Lion	38	1
4410	Red Oak	15	1
4411	Red Wing	23	1
4412	Redan	10	1
4413	Redding	7	1
4414	Redding	5	1
4415	Redford	22	1
4416	Redland	20	1
4417	Redlands	5	1
4418	Redlands	6	1
4419	Redmond	37	1
4420	Redmond	47	1
4421	Redondo Beach	5	1
4422	Redwood City	5	1
4423	Reedley	5	1
4424	Reedsburg	49	1
4425	Rehoboth	21	1
4426	Reidsville	33	1
4427	Reisterstown	20	1
4428	Rendon	43	1
4429	Reno	28	1
4430	Rensselaer	32	1
4431	Renton	47	1
4432	Republic	25	1
4433	Reserve	18	1
4434	Reston	46	1
4435	Revere	21	1
4436	Rexburg	12	1
4437	Reynoldsburg	35	1
4438	Rhinebeck	32	1
4439	Rhinelander	49	1
4440	Rialto	5	1
4441	Rib Mountain	49	1
4442	Rib Mountain	49	1
4443	Rice Lake	49	1
4444	Richardson	43	1
4445	Richboro	38	1
4446	Richfield	44	1
4447	Richfield	49	1
4448	Richfield	23	1
4449	Richland	47	1
4450	Richland	24	1
4451	Richland Hills	43	1
4452	Richmond	43	1
4453	Richmond	39	1
4454	Richmond	46	1
4455	Richmond	25	1
4456	Richmond	17	1
4457	Richmond	14	1
4458	Richmond	5	1
4459	Richmond Heights	9	1
4460	Richmond Heights	25	1
4461	Richmond Heights	35	1
4462	Richmond Hill	10	1
4463	Richmond West	9	1
4464	Richton Park	13	1
4465	Ridge	32	1
4466	Ridgecrest	5	1
4467	Ridgefield	7	1
4468	Ridgefield	7	1
4469	Ridgefield	30	1
4470	Ridgefield Park	30	1
4471	Ridgeland	24	1
4472	Ridgeway	32	1
4473	Ridgewood	30	1
4474	Ridley Park	38	1
4475	Rifle	6	1
4476	Ringwood	30	1
4477	Rio del Mar	5	1
4478	Rio Grande City	43	1
4479	Rio Linda	5	1
4480	Rio Rancho	31	1
4481	Ripley	42	1
4482	Ripon	49	1
4483	Ripon	5	1
4484	Rittman	35	1
4485	River Edge	30	1
4486	River Falls	49	1
4487	River Forest	13	1
4488	River Grove	13	1
4489	River Oaks	43	1
4490	River Ridge	18	1
4491	River Rouge	22	1
4492	River Vale	30	1
4493	Riverbank	5	1
4494	Riverdale	13	1
4495	Riverdale	10	1
4496	Riverdale	44	1
4497	Riverdale Park	20	1
4498	Riverhead	32	1
4499	Riverhead	32	1
4500	Riverside	35	1
4501	Riverside	20	1
4502	Riverside	13	1
4503	Riverside	5	1
4504	Riverton	44	1
4505	Riverton	50	1
4506	Riverton-Boulevard Park	47	1
4507	Riverview	9	1
4508	Riverview	22	1
4509	Riviera Beach	20	1
4510	Riviera Beach	9	1
4511	Roanoke	1	1
4512	Roanoke	46	1
4513	Roanoke Rapids	33	1
4514	Robbins	13	1
4515	Robbinsdale	23	1
4516	Robinson	13	1
4517	Robinson	43	1
4518	Robinson Township	38	1
4519	Robstown	43	1
4520	Rochelle	13	1
4521	Rochester	23	1
4522	Rochester	22	1
4523	Rochester	14	1
4524	Rochester	32	1
4525	Rochester	32	1
4526	Rochester	29	1
4527	Rochester Hills	22	1
4528	Rock Falls	13	1
4529	Rock Hill	40	1
4530	Rock Island	13	1
4531	Rock Springs	50	1
4532	Rockaway	30	1
4533	Rockcreek	37	1
4534	Rockford	13	1
4535	Rockingham	33	1
4536	Rockland	21	1
4537	Rockland	19	1
4538	Rockledge	9	1
4539	Rocklin	5	1
4540	Rockport	21	1
4541	Rockport	43	1
4542	Rockville	20	1
4543	Rockville	7	1
4544	Rockville Centre	32	1
4545	Rockwall	43	1
4546	Rocky Hill	7	1
4547	Rocky Mount	33	1
4548	Rocky Point	32	1
4549	Rocky River	35	1
4550	Rodeo	5	1
4551	Roeland Park	16	1
4552	Rogers	4	1
4553	Rohnert Park	5	1
4554	Rolla	25	1
4555	Rolling Hills Estates	5	1
4556	Rolling Meadows	13	1
4557	Roma	43	1
4558	Rome	32	1
4559	Rome	10	1
4560	Romeoville	13	1
4561	Romulus	22	1
4562	Ronkonkoma	32	1
4563	Roosevelt	32	1
4564	Rosamond	5	1
4565	Rosaryville	20	1
4566	Roscoe	13	1
4567	Rose Hill	46	1
4568	Roseburg	37	1
4569	Rosedale	20	1
4570	Rosedale	5	1
4571	Roseland	5	1
4572	Roselle	13	1
4573	Roselle	30	1
4574	Roselle Park	30	1
4575	Rosemead	5	1
4576	Rosemont	5	1
4577	Rosemount	23	1
4578	Rosenberg	43	1
4579	Rosendale	32	1
4580	Roseville	23	1
4581	Roseville	22	1
4582	Roseville	5	1
4583	Roslyn Heights	32	1
4584	Ross Township	38	1
4585	Rossford	35	1
4586	Rossmoor	5	1
4587	Rossmoor	20	1
4588	Rossville	20	1
4589	Roswell	10	1
4590	Roswell	31	1
4591	Rotonda	9	1
4592	Rotterdam	32	1
4593	Rotterdam	32	1
4594	Round Lake Beach	13	1
4595	Round Lake Park	13	1
4596	Round Rock	43	1
4597	Rowland Heights	5	1
4598	Rowlett	43	1
4599	Roxboro	33	1
4600	Roy	44	1
4601	Royal Oak	22	1
4602	Royal Palm Beach	9	1
4603	Royalton	32	1
4604	Rubidoux	5	1
4605	Ruidoso	31	1
4606	Rumford	19	1
4607	Rumson	30	1
4608	Runnemede	30	1
4609	Ruskin	9	1
4610	Russellville	4	1
4611	Russellville	1	1
4612	Russellville	17	1
4613	Ruston	18	1
4614	Rutherford	30	1
4615	Rutland	21	1
4616	Rutland	45	1
4617	Rye	32	1
4618	Rye	32	1
4619	Rye Brook	32	1
4620	Sachse	43	1
4621	Saco	19	1
4622	Sacramento	5	1
4623	Saddle Brook	30	1
4624	Safety Harbor	9	1
4625	Safford	3	1
4626	Saginaw	22	1
4627	Saginaw	43	1
4628	Saginaw Township North	22	1
4629	Saginaw Township South	22	1
4630	Saks	1	1
4631	Salamanca	32	1
4632	Salem	29	1
4633	Salem	35	1
4634	Salem	37	1
4635	Salem	46	1
4636	Salem	49	1
4637	Salem	21	1
4638	Salem	13	1
4639	Salem	14	1
4640	Salida	5	1
4641	Salina	16	1
4642	Salina	32	1
4643	Salinas	5	1
4644	Saline	22	1
4645	Salisbury	21	1
4646	Salisbury	20	1
4647	Salisbury	32	1
4648	Salisbury	33	1
4649	Sallisaw	36	1
4650	Salmon Creek	47	1
4651	Salt Lake City	44	1
4652	Sammamish	47	1
4653	San Angelo	43	1
4654	San Anselmo	5	1
4655	San Antonio	43	1
4656	San Benito	43	1
4657	San Bernardino	5	1
4658	San Bruno	5	1
4659	San Buenaventura	5	1
4660	San Carlos	5	1
4661	San Carlos Park	9	1
4662	San Clemente	5	1
4663	San Diego	5	1
4664	San Diego Country Estates	5	1
4665	San Dimas	5	1
4666	San Elizario	43	1
4667	San Fernando	5	1
4668	San Francisco	5	1
4669	San Gabriel	5	1
4670	San Jacinto	5	1
4671	San Jose	5	1
4672	San Juan	43	1
4673	San Juan Capistrano	5	1
4674	San Leandro	5	1
4675	San Lorenzo	5	1
4676	San Luis	3	1
4677	San Luis Obispo	5	1
4678	San Marcos	5	1
4679	San Marcos	43	1
4680	San Marino	5	1
4681	San Mateo	5	1
4682	San Pablo	5	1
4683	San Rafael	5	1
4684	San Ramon	5	1
4685	Sanatoga	38	1
4686	Sand Lake	32	1
4687	Sand Springs	36	1
4688	Sandalfoot Cove	9	1
4689	Sandersville	10	1
4690	Sandpoint	12	1
4691	Sandusky	35	1
4692	Sandusky South	35	1
4693	Sandwich	13	1
4694	Sandwich	21	1
4695	Sandy	44	1
4696	Sandy Springs	10	1
4697	Sanford	9	1
4698	Sanford	19	1
4699	Sanford	19	1
4700	Sanford	33	1
4701	Sanger	5	1
4702	Sanibel	9	1
4703	Sans Souci	40	1
4704	Santa Ana	5	1
4705	Santa Barbara	5	1
4706	Santa Clara	5	1
4707	Santa Clarita	5	1
4708	Santa Cruz	5	1
4709	Santa Fe	31	1
4710	Santa Fe	43	1
4711	Santa Fe Springs	5	1
4712	Santa Maria	5	1
4713	Santa Monica	5	1
4714	Santa Paula	5	1
4715	Santa Rosa	5	1
4716	Santee	5	1
4717	Sappington	25	1
4718	Sapulpa	36	1
4719	Saraland	1	1
4720	Sarasota	9	1
4721	Sarasota Springs	9	1
4722	Saratoga	5	1
4723	Saratoga Springs	32	1
4724	Sartell	23	1
4725	Satellite Beach	9	1
4726	Saugerties	32	1
4727	Saugus	21	1
4728	Saugus	21	1
4729	Sauk Rapids	23	1
4730	Sauk Village	13	1
4731	Sault Ste. Marie	22	1
4732	Sausalito	5	1
4733	Savage	23	1
4734	Savage-Guilford	20	1
4735	Savannah	10	1
4736	Savannah	42	1
4737	Sayreville	30	1
4738	Sayville	32	1
4739	Scarborough	19	1
4740	Scarsdale	32	1
4741	Scarsdale	32	1
4742	Schaghticoke	32	1
4743	Schaumburg	13	1
4744	Schenectady	32	1
4745	Schererville	14	1
4746	Schertz	43	1
4747	Schiller Park	13	1
4748	Schodack	32	1
4749	Schofield Barracks	11	1
4750	Schroeppel	32	1
4751	Scituate	39	1
4752	Scituate	21	1
4753	Scotch Plains	30	1
4754	Scotchtown	32	1
4755	Scotia	32	1
4756	Scott	18	1
4757	Scott Lake	9	1
4758	Scott Township	38	1
4759	Scottdale	10	1
4760	Scotts Valley	5	1
4761	Scottsbluff	27	1
4762	Scottsboro	1	1
4763	Scottsburg	14	1
4764	Scottsdale	3	1
4765	Scranton	38	1
4766	Scriba	32	1
4767	Seabrook	29	1
4768	Seabrook	43	1
4769	Seaford	32	1
4770	Seaford	8	1
4771	Seagoville	43	1
4772	Seal Beach	5	1
4773	Searcy	4	1
4774	Seaside	5	1
4775	SeaTac	47	1
4776	Seattle	47	1
4777	Seattle Hill-Silver Firs	47	1
4778	Sebastian	9	1
4779	Sebastopol	5	1
4780	Sebring	9	1
4781	Secaucus	30	1
4782	Security-Widefield	6	1
4783	Sedalia	25	1
4784	Sedona	3	1
4785	Sedro-Woolley	47	1
4786	Seekonk	21	1
4787	Seguin	43	1
4788	Selah	47	1
4789	Selden	32	1
4790	Sellersburg	14	1
4791	Selma	1	1
4792	Selma	5	1
4793	Seminole	9	1
4794	Seminole	36	1
4795	Senatobia	24	1
4796	Seneca	40	1
4797	Seneca Falls	32	1
4798	Seneca Falls	32	1
4799	Setauket-East Setauket	32	1
4800	Seven Corners	46	1
4801	Seven Hills	35	1
4802	Seven Oaks	40	1
4803	Severn	20	1
4804	Severna Park	20	1
4805	Sevierville	42	1
4806	Seward	27	1
4807	Seymour	42	1
4808	Seymour	14	1
4809	Seymour	7	1
4810	Shady Hills	9	1
4811	Shafter	5	1
4812	Shaker Heights	35	1
4813	Shakopee	23	1
4814	Shaler Township	38	1
4815	Shamokin	38	1
4816	Sharon	38	1
4817	Sharon	21	1
4818	Sharonville	35	1
4819	Shasta Lake	5	1
4820	Shawangunk	32	1
4821	Shawano	49	1
4822	Shawnee	36	1
4823	Shawnee	16	1
4824	Sheboygan	49	1
4825	Sheboygan Falls	49	1
4826	Sheffield	1	1
4827	Sheffield Lake	35	1
4828	Shelburne	45	1
4829	Shelby	35	1
4830	Shelby	33	1
4831	Shelby	22	1
4832	Shelbyville	17	1
4833	Shelbyville	14	1
4834	Shelbyville	42	1
4835	Shelton	47	1
4836	Shelton	7	1
4837	Shelton	7	1
4838	Shenandoah	18	1
4839	Shepherdsville	17	1
4840	Sheridan	50	1
4841	Sherman	43	1
4842	Sherrelwood	6	1
4843	Sherwood	4	1
4844	Sherwood	37	1
4845	Shields	22	1
4846	Shiloh	13	1
4847	Shiloh	38	1
4848	Shiloh	35	1
4849	Shiprock	31	1
4850	Shirley	32	1
4851	Shirley	21	1
4852	Shively	17	1
4853	Shoreline	47	1
4854	Shoreview	23	1
4855	Shorewood	23	1
4856	Shorewood	13	1
4857	Shorewood	49	1
4858	Show Low	3	1
4859	Shreveport	18	1
4860	Shrewsbury	25	1
4861	Shrewsbury	21	1
4862	Sidney	32	1
4863	Sidney	27	1
4864	Sidney	35	1
4865	Sierra Madre	5	1
4866	Sierra Vista	3	1
4867	Sierra Vista Southeast	3	1
4868	Siesta Key	9	1
4869	Signal Hill	5	1
4870	Signal Mountain	42	1
4871	Sikeston	25	1
4872	Siler City	33	1
4873	Siloam Springs	4	1
4874	Silsbee	43	1
4875	Silver City	31	1
4876	Silver Spring	20	1
4877	Silver Springs Shores	9	1
4878	Silverdale	47	1
4879	Silverton	37	1
4880	Silvis	13	1
4881	Simi Valley	5	1
4882	Simpsonville	40	1
4883	Simsbury	7	1
4884	Sioux Center	15	1
4885	Sioux City	15	1
4886	Sioux Falls	41	1
4887	Sitka and	2	1
4888	Skaneateles	32	1
4889	Skidaway Island	10	1
4890	Skokie	13	1
4891	Skowhegan	19	1
4892	Skowhegan	19	1
4893	Slaton	43	1
4894	Sleepy Hollow	32	1
4895	Slidell	18	1
4896	Smithfield	33	1
4897	Smithfield	39	1
4898	Smithfield	44	1
4899	Smithfield	46	1
4900	Smiths	1	1
4901	Smithtown	32	1
4902	Smithtown	32	1
4903	Smyrna	42	1
4904	Smyrna	10	1
4905	Snellville	10	1
4906	Snohomish	47	1
4907	Snyder	43	1
4908	Socastee	40	1
4909	Socorro	31	1
4910	Socorro	43	1
4911	Soddy-Daisy	42	1
4912	Sodus	32	1
4913	Solana Beach	5	1
4914	Soledad	5	1
4915	Solon	35	1
4916	Solvay	32	1
4917	Somers	32	1
4918	Somers	49	1
4919	Somers	7	1
4920	Somers Point	30	1
4921	Somerset	30	1
4922	Somerset	38	1
4923	Somerset	17	1
4924	Somerset	21	1
4925	Somerset	21	1
4926	Somersworth	29	1
4927	Somerton	3	1
4928	Somerville	21	1
4929	Somerville	30	1
4930	Sonoma	5	1
4931	Souderton	38	1
4932	Sound Beach	32	1
4933	South Amboy	30	1
4934	South Bend	14	1
4935	South Berwick	19	1
4936	South Boston	46	1
4937	South Bradenton	9	1
4938	South Burlington	45	1
4939	South Charleston	48	1
4940	South Cleveland	42	1
4941	South Daytona	9	1
4942	South El Monte	5	1
4943	South Elgin	13	1
4944	South Euclid	35	1
4945	South Farmingdale	32	1
4946	South Gate	20	1
4947	South Gate	5	1
4948	South Hadley	21	1
4949	South Highpoint	9	1
4950	South Hill	32	1
4951	South Hill	47	1
4952	South Holland	13	1
4953	South Houston	43	1
4954	South Huntington	32	1
4955	South Jordan	44	1
4956	South Kensington	20	1
4957	South Kingstown	39	1
4958	South Lake Tahoe	5	1
4959	South Laurel	20	1
4960	South Lockport	32	1
4961	South Lyon	22	1
4962	South Miami	9	1
4963	South Miami Heights	9	1
4964	South Milwaukee	49	1
4965	South Monroe	22	1
4966	South Ogden	44	1
4967	South Orange	30	1
4968	South Oroville	5	1
4969	South Park Township	38	1
4970	South Pasadena	5	1
4971	South Patrick Shores	9	1
4972	South Plainfield	30	1
4973	South Portland	19	1
4974	South River	30	1
4975	South Salt Lake	44	1
4976	South San Francisco	5	1
4977	South San Gabriel	5	1
4978	South San Jose Hills	5	1
4979	South Sioux City	27	1
4980	South St. Paul	23	1
4981	South Valley	31	1
4982	South Venice	9	1
4983	South Whittier	5	1
4984	South Williamsport	38	1
4985	South Windsor	7	1
4986	South Yarmouth	21	1
4987	South Yuba City	5	1
4988	Southampton	32	1
4989	Southaven	24	1
4990	Southborough	21	1
4991	Southbridge	21	1
4992	Southbridge	21	1
4993	Southbury	7	1
4994	Southeast	32	1
4995	Southeast Arcadia	9	1
4996	Southern Pines	33	1
4997	Southfield	22	1
4998	Southgate	22	1
4999	Southgate	9	1
5000	Southglenn	6	1
5001	Southington	7	1
5002	Southlake	43	1
5003	Southold	32	1
5004	Southport	32	1
5005	Southport	32	1
5006	Southside	1	1
5007	Southwick	21	1
5008	Southwood Acres	7	1
5009	Spanaway	47	1
5010	Spanish Fork	44	1
5011	Spanish Lake	25	1
5012	Spanish Springs	28	1
5013	Sparks	28	1
5014	Sparta	49	1
5015	Spartanburg	40	1
5016	Spearfish	41	1
5017	Speedway	14	1
5018	Spencer	15	1
5019	Spencer	21	1
5020	Spencer	21	1
5021	Spokane	47	1
5022	Spotswood	30	1
5023	Spring	43	1
5024	Spring Creek	28	1
5025	Spring Hill	42	1
5026	Spring Hill	9	1
5027	Spring Lake	33	1
5028	Spring Lake Park	23	1
5029	Spring Valley	5	1
5030	Spring Valley	28	1
5031	Spring Valley	32	1
5032	Springboro	35	1
5033	Springdale	35	1
5034	Springdale	30	1
5035	Springdale	4	1
5036	Springfield	9	1
5037	Springfield	25	1
5038	Springfield	21	1
5039	Springfield	13	1
5040	Springfield	30	1
5041	Springfield	35	1
5042	Springfield	37	1
5043	Springfield	38	1
5044	Springfield	45	1
5045	Springfield	42	1
5046	Springfield	46	1
5047	Springville	44	1
5048	St. Albans	45	1
5049	St. Albans	48	1
5050	St. Andrews	40	1
5051	St. Ann	25	1
5052	St. Anthony	23	1
5053	St. Augustine	9	1
5054	St. Charles	25	1
5055	St. Charles	13	1
5056	St. Charles	20	1
5057	St. Clair Shores	22	1
5058	St. Cloud	23	1
5059	St. Cloud	9	1
5060	St. Dennis	17	1
5061	St. Francis	49	1
5062	St. George	44	1
5063	St. Helens	37	1
5064	St. James	32	1
5065	St. John	14	1
5066	St. John	25	1
5067	St. Johns	22	1
5068	St. Johnsbury	45	1
5069	St. Johnsbury	45	1
5070	St. Joseph	22	1
5071	St. Joseph	25	1
5072	St. Louis	25	1
5073	St. Louis Park	23	1
5074	St. Martin	24	1
5075	St. Martinville	18	1
5076	St. Marys	10	1
5077	St. Marys	38	1
5078	St. Marys	35	1
5079	St. Matthews	17	1
5080	St. Michael	23	1
5081	St. Paul	23	1
5082	St. Pete Beach	9	1
5083	St. Peter	23	1
5084	St. Peters	25	1
5085	St. Petersburg	9	1
5086	St. Rose	18	1
5087	St. Simons	10	1
5088	St. Stephens	33	1
5089	Stafford	43	1
5090	Stafford	7	1
5091	Stamford	7	1
5092	Stamford	7	1
5093	Standish	19	1
5094	Stanford	5	1
5095	Stanton	5	1
5096	Starkville	24	1
5097	State College	38	1
5098	Statesboro	10	1
5099	Statesville	33	1
5100	Staunton	46	1
5101	Stayton	37	1
5102	Steamboat Springs	6	1
5103	Steger	13	1
5104	Steilacoom	47	1
5105	Stephenville	43	1
5106	Sterling	13	1
5107	Sterling	21	1
5108	Sterling	6	1
5109	Sterling Heights	22	1
5110	Steubenville	35	1
5111	Stevens Point	49	1
5112	Stickney	13	1
5113	Stillwater	23	1
5114	Stillwater	32	1
5115	Stillwater	36	1
5116	Stockbridge	10	1
5117	Stockton	5	1
5118	Stone Mountain	10	1
5119	Stonegate	6	1
5120	Stoneham	21	1
5121	Stoneham	21	1
5122	Stonington	7	1
5123	Stony Brook	32	1
5124	Stony Point	32	1
5125	Stony Point	32	1
5126	Storm Lake	15	1
5127	Storrs	7	1
5128	Stoughton	21	1
5129	Stoughton	49	1
5130	Stow	35	1
5131	Stowe Township	38	1
5132	Stratford	30	1
5133	Stratford	7	1
5134	Stratford	7	1
5135	Stratham	29	1
5136	Strathmore	30	1
5137	Stratmoor	6	1
5138	Streamwood	13	1
5139	Streator	13	1
5140	Streetsboro	35	1
5141	Strongsville	35	1
5142	Struthers	35	1
5143	Stuart	9	1
5144	Stuarts Draft	46	1
5145	Sturbridge	21	1
5146	Sturgeon Bay	49	1
5147	Sturgis	41	1
5148	Sturgis	22	1
5149	Stuttgart	4	1
5150	Suamico	49	1
5151	Succasunna-Kenvil	30	1
5152	Sudbury	21	1
5153	Sudley	46	1
5154	Suffern	32	1
5155	Suffield	7	1
5156	Suffolk	46	1
5157	Sugar Hill	10	1
5158	Sugar Land	43	1
5159	Sugarmill Woods	9	1
5160	Suisun City	5	1
5161	Suitland-Silver Hill	20	1
5162	Sullivan	25	1
5163	Sullivan	32	1
5164	Sulphur	18	1
5165	Sulphur Springs	43	1
5166	Summerfield	33	1
5167	Summerville	40	1
5168	Summit	30	1
5169	Summit	47	1
5170	Summit	13	1
5171	Summit Park	44	1
5172	Sumner	47	1
5173	Sumter	40	1
5174	Sun City	5	1
5175	Sun City	3	1
5176	Sun City West	3	1
5177	Sun Lakes	3	1
5178	Sun Prairie	49	1
5179	Sun Valley	28	1
5180	Sunbury	38	1
5181	Sunland Park	31	1
5182	Sunny Isles Beach	9	1
5183	Sunnyside	37	1
5184	Sunnyside	47	1
5185	Sunnyvale	5	1
5186	Sunrise	9	1
5187	Sunrise Manor	28	1
5188	Sunset	9	1
5189	Sunset Hills	25	1
5190	Superior	6	1
5191	Superior	49	1
5192	Surprise	3	1
5193	Susanville	5	1
5194	Sussex	49	1
5195	Sutherlin	37	1
5196	Sutton	21	1
5197	Suwanee	10	1
5198	Swainsboro	10	1
5199	Swampscott	21	1
5200	Swampscott	21	1
5201	Swansea	13	1
5202	Swansea	21	1
5203	Swanton	45	1
5204	Swanzey	29	1
5205	Swarthmore	38	1
5206	Sweden	32	1
5207	Sweet Home	37	1
5208	Sweetwater	43	1
5209	Sweetwater	9	1
5210	Swissvale	38	1
5211	Sycamore	13	1
5212	Sylacauga	1	1
5213	Sylvania	35	1
5214	Syosset	32	1
5215	Syracuse	32	1
5216	Syracuse	44	1
5217	Tacoma	47	1
5218	Taft	5	1
5219	Tahlequah	36	1
5220	Takoma Park	20	1
5221	Talladega	1	1
5222	Tallahassee	9	1
5223	Tallmadge	35	1
5224	Tallulah	18	1
5225	Tamalpais-Homestead Valley	5	1
5226	Tamaqua	38	1
5227	Tamarac	9	1
5228	Tamiami	9	1
5229	Tampa	9	1
5230	Tanque Verde	3	1
5231	Tappan	32	1
5232	Tarboro	33	1
5233	Tarpon Springs	9	1
5234	Tarrant	1	1
5235	Tarrytown	32	1
5236	Taunton	21	1
5237	Tavares	9	1
5238	Taylor	22	1
5239	Taylor	38	1
5240	Taylor	43	1
5241	Taylor Mill	17	1
5242	Taylors	40	1
5243	Taylorsville	44	1
5244	Taylorville	13	1
5245	Teaneck	30	1
5246	Teays Valley	48	1
5247	Tecumseh	22	1
5248	Tecumseh	36	1
5249	Tehachapi	5	1
5250	Tell City	14	1
5251	Temecula	5	1
5252	Tempe	3	1
5253	Temperance	22	1
5254	Temple	43	1
5255	Temple City	5	1
5256	Temple Hills	20	1
5257	Temple Terrace	9	1
5258	Templeton	21	1
5259	Tenafly	30	1
5260	Terrace Heights	47	1
5261	Terre Haute	14	1
5262	Terrell	43	1
5263	Terrytown	18	1
5264	Terryville	32	1
5265	Tewksbury	21	1
5266	Texarkana	43	1
5267	Texarkana	4	1
5268	Texas City	43	1
5269	The Colony	43	1
5270	The Crossings	9	1
5271	The Hammocks	9	1
5272	The Pinery	6	1
5273	The Village	36	1
5274	The Villages	9	1
5275	The Woodlands	43	1
5276	Theodore	1	1
5277	Thermalito	5	1
5278	Thibodaux	18	1
5279	Thief River Falls	23	1
5280	Thomaston	10	1
5281	Thomaston	7	1
5282	Thomasville	10	1
5283	Thomasville	33	1
5284	Thompson	32	1
5285	Thompson	7	1
5286	Thompsonville	7	1
5287	Thomson	10	1
5288	Thonotosassa	9	1
5289	Thornton	6	1
5290	Thousand Oaks	5	1
5291	Three Lakes	9	1
5292	Three Rivers	22	1
5293	Tiburon	5	1
5294	Tiffin	35	1
5295	Tifton	10	1
5296	Tigard	37	1
5297	Tillmans Corner	1	1
5298	Timberlake	46	1
5299	Timberlane	18	1
5300	Tinley Park	13	1
5301	Tinton Falls	30	1
5302	Tipp City	35	1
5303	Titusville	38	1
5304	Titusville	9	1
5305	Tiverton	39	1
5306	Tiverton	39	1
5307	Toccoa	10	1
5308	Toledo	35	1
5309	Tolland	7	1
5310	Tomah	49	1
5311	Tomball	43	1
5312	Toms River	30	1
5313	Tonawanda	32	1
5314	Tonawanda	32	1
5315	Tonawanda	32	1
5316	Tooele	44	1
5317	Topeka	16	1
5318	Toppenish	47	1
5319	Topsfield	21	1
5320	Topsham	19	1
5321	Topsham	19	1
5322	Torrance	5	1
5323	Torrington	7	1
5324	Torrington	7	1
5325	Totowa	30	1
5326	Town 'n' Country	9	1
5327	Town and Country	25	1
5328	Townsend	21	1
5329	Towson	20	1
5330	Tracy	5	1
5331	Traverse City	22	1
5332	Travilah	20	1
5333	Treasure Island	9	1
5334	Trenton	22	1
5335	Trenton	25	1
5336	Trenton	30	1
5337	Trenton	35	1
5338	Trinidad	6	1
5339	Trinity	33	1
5340	Trooper	38	1
5341	Trophy Club	43	1
5342	Trotwood	35	1
5343	Troutdale	37	1
5344	Troy	35	1
5345	Troy	32	1
5346	Troy	25	1
5347	Troy	22	1
5348	Troy	1	1
5349	Troy	13	1
5350	Truckee	5	1
5351	Trumann	4	1
5352	Trumbull	7	1
5353	Trumbull	7	1
5354	Trussville	1	1
5355	Truth or Consequences	31	1
5356	Tualatin	37	1
5357	Tuba City	3	1
5358	Tuckahoe	32	1
5359	Tuckahoe	46	1
5360	Tucker	10	1
5361	Tucson	3	1
5362	Tucson Estates	3	1
5363	Tukwila	47	1
5364	Tulare	5	1
5365	Tullahoma	42	1
5366	Tulsa	36	1
5367	Tumwater	47	1
5368	Tupelo	24	1
5369	Turlock	5	1
5370	Turtle Creek	38	1
5371	Tuscaloosa	1	1
5372	Tuscumbia	1	1
5373	Tuskegee	1	1
5374	Tustin	5	1
5375	Tustin Foothills	5	1
5376	Twentynine Palms	5	1
5377	Twentynine Palms Base	5	1
5378	Twin Falls	12	1
5379	Twin Lakes	6	1
5380	Twin Rivers	30	1
5381	Twinsburg	35	1
5382	Two Rivers	49	1
5383	Tyler	43	1
5384	Tyngsborough	21	1
5385	Tysons Corner	46	1
5386	Ukiah	5	1
5387	Ulster	32	1
5388	Union	40	1
5389	Union	32	1
5390	Union	25	1
5391	Union	30	1
5392	Union Beach	30	1
5393	Union City	30	1
5394	Union City	5	1
5395	Union City	10	1
5396	Union City	42	1
5397	Union Hill-Novelty Hill	47	1
5398	Union Park	9	1
5399	Uniondale	32	1
5400	Uniontown	38	1
5401	Universal City	43	1
5402	University	9	1
5403	University City	25	1
5404	University Heights	35	1
5405	University Park	43	1
5406	University Park	9	1
5407	University Park	13	1
5408	University Place	47	1
5409	Upland	5	1
5410	Upper Arlington	35	1
5411	Upper Grand Lagoon	9	1
5412	Upper Providence Township	38	1
5413	Upper Saddle River	30	1
5414	Upper Sandusky	35	1
5415	Upper St. Clair	38	1
5416	Urbana	35	1
5417	Urbana	13	1
5418	Urbandale	15	1
5419	Utica	32	1
5420	Uvalde	43	1
5421	Uxbridge	21	1
5422	Vacaville	5	1
5423	Vadnais Heights	23	1
5424	Valdosta	10	1
5425	Valinda	5	1
5426	Valle Vista	5	1
5427	Vallejo	5	1
5428	Valley	1	1
5429	Valley Center	5	1
5430	Valley City	34	1
5431	Valley Cottage	32	1
5432	Valley Falls	39	1
5433	Valley Park	25	1
5434	Valley Station	17	1
5435	Valley Stream	32	1
5436	Valparaiso	14	1
5437	Valparaiso	9	1
5438	Valrico	9	1
5439	Van Buren	4	1
5440	Van Buren	32	1
5441	Van Wert	35	1
5442	Vancouver	47	1
5443	Vandalia	35	1
5444	Vandalia	13	1
5445	Vandenberg AFB	5	1
5446	Vashon	47	1
5447	Venice	9	1
5448	Venice Gardens	9	1
5449	Ventnor City	30	1
5450	Veradale	47	1
5451	Vermilion	35	1
5452	Vermillion	41	1
5453	Vernal	44	1
5454	Vernon	49	1
5455	Vernon	43	1
5456	Vernon	7	1
5457	Vernon Hills	13	1
5458	Vero Beach	9	1
5459	Vero Beach South	9	1
5460	Verona	30	1
5461	Verona	32	1
5462	Verona	49	1
5463	Versailles	17	1
5464	Vestal	32	1
5465	Vestavia Hills	1	1
5466	Vicksburg	24	1
5467	Victor	32	1
5468	Victoria	43	1
5469	Victorville	5	1
5470	Vidalia	10	1
5471	Vidor	43	1
5472	Vienna	46	1
5473	Vienna	48	1
5474	View Park-Windsor Hills	5	1
5475	Villa Hills	17	1
5476	Villa Park	13	1
5477	Village Green-Green Ridge	38	1
5478	Village Park	11	1
5479	Village St. George	18	1
5480	Villas	9	1
5481	Villas	30	1
5482	Ville Platte	18	1
5483	Vincennes	14	1
5484	Vincent	5	1
5485	Vineland	30	1
5486	Vineyard	5	1
5487	Vinings	10	1
5488	Vinita	36	1
5489	Vinton	46	1
5490	Violet	18	1
5491	Virginia	23	1
5492	Virginia Beach	46	1
5493	Visalia	5	1
5494	Vista	5	1
5495	Volney	32	1
5496	Wabash	14	1
5497	Waco	43	1
5498	Waconia	23	1
5499	Wade Hampton	40	1
5500	Wading River	32	1
5501	Wadsworth	35	1
5502	Waggaman	18	1
5503	Wagoner	36	1
5504	Wahiawa	11	1
5505	Wahpeton	34	1
5506	Waianae	11	1
5507	Waihee-Waiehu	11	1
5508	Wailuku	11	1
5509	Waimalu	11	1
5510	Waimea	11	1
5511	Waipahu	11	1
5512	Waipio	11	1
5513	Waite Park	23	1
5514	Wake Forest	33	1
5515	Wakefield	21	1
5516	Wakefield	21	1
5517	Wakefield-Peacedale	39	1
5518	Walden	32	1
5519	Waldorf	20	1
5520	Waldwick	30	1
5521	Walker	22	1
5522	Walker Mill	20	1
5523	Walla Walla	47	1
5524	Walled Lake	22	1
5525	Waller	47	1
5526	Wallingford	7	1
5527	Wallingford Center	7	1
5528	Wallington	30	1
5529	Wallkill	32	1
5530	Walnut	5	1
5531	Walnut Creek	5	1
5532	Walnut Grove	47	1
5533	Walnut Park	5	1
5534	Walpole	21	1
5535	Waltham	21	1
5536	Walworth	32	1
5537	Wanaque	30	1
5538	Wantagh	32	1
5539	Wapakoneta	35	1
5540	Wappinger	32	1
5541	Ware	21	1
5542	Ware	21	1
5543	Wareham	21	1
5544	Warner Robins	10	1
5545	Warr Acres	36	1
5546	Warren	38	1
5547	Warren	39	1
5548	Warren	4	1
5549	Warren	22	1
5550	Warren	35	1
5551	Warrensburg	25	1
5552	Warrensville Heights	35	1
5553	Warrenton	46	1
5554	Warrenville	13	1
5555	Warrington	9	1
5556	Warsaw	14	1
5557	Warwick	32	1
5558	Warwick	32	1
5559	Warwick	39	1
5560	Wasco	5	1
5561	Waseca	23	1
5562	Washington	25	1
5563	Washington	30	1
5564	Washington	35	1
5565	Washington	33	1
5566	Washington	14	1
5567	Washington	15	1
5568	Washington	13	1
5569	Washington	38	1
5570	Washington	44	1
5571	Washington	49	1
5572	Washington	47	1
5573	Washington Terrace	44	1
5574	Washington Township	30	1
5575	Washougal	47	1
5576	Watauga	43	1
5577	Waterboro	19	1
5578	Waterbury	7	1
5579	Waterbury	7	1
5580	Waterford	7	1
5581	Waterford	5	1
5582	Waterford	22	1
5583	Waterford	32	1
5584	Waterloo	32	1
5585	Waterloo	13	1
5586	Waterloo	15	1
5587	Watertown	7	1
5588	Watertown	32	1
5589	Watertown	21	1
5590	Watertown	41	1
5591	Watertown	49	1
5592	Waterville	19	1
5593	Watervliet	32	1
5594	Watsonville	5	1
5595	Wauconda	13	1
5596	Waukegan	13	1
5597	Waukesha	49	1
5598	Waukesha	49	1
5599	Waunakee	49	1
5600	Waupun	49	1
5601	Wausau	49	1
5602	Wauseon	35	1
5603	Wauwatosa	49	1
5604	Waveland	24	1
5605	Waverly	22	1
5606	Waverly	15	1
5607	Wawarsing	32	1
5608	Wawayanda	32	1
5609	Waxahachie	43	1
5610	Waycross	10	1
5611	Wayland	21	1
5612	Wayne	22	1
5613	Wayne	30	1
5614	Waynesboro	46	1
5615	Waynesboro	38	1
5616	Waynesville	33	1
5617	Weare	29	1
5618	Weatherford	36	1
5619	Weatherford	43	1
5620	Webb City	25	1
5621	Webster	21	1
5622	Webster	21	1
5623	Webster	32	1
5624	Webster	43	1
5625	Webster City	15	1
5626	Webster Groves	25	1
5627	Weddington	33	1
5628	Weigelstown	38	1
5629	Weirton	48	1
5630	Wekiwa Springs	9	1
5631	Welby	6	1
5632	Welcome	40	1
5633	Wellesley	21	1
5634	Wellesley	21	1
5635	Wellington	9	1
5636	Wellington	16	1
5637	Wells	19	1
5638	Wells Branch	43	1
5639	Wellston	35	1
5640	Wellsville	32	1
5641	Wenatchee	47	1
5642	Wentzville	25	1
5643	Weslaco	43	1
5644	West Allis	49	1
5645	West and East Lealman	9	1
5646	West Athens	5	1
5647	West Babylon	32	1
5648	West Bend	49	1
5649	West Bloomfield Township	22	1
5650	West Boylston	21	1
5651	West Bridgewater	21	1
5652	West Caldwell	30	1
5653	West Carrollton City	35	1
5654	West Carson	5	1
5655	West Chester	38	1
5656	West Chicago	13	1
5657	West Columbia	40	1
5658	West Covina	5	1
5659	West Des Moines	15	1
5660	West Fargo	34	1
5661	West Frankfort	13	1
5662	West Freehold	30	1
5663	West Gate	46	1
5664	West Glens Falls	32	1
5665	West Goshen	38	1
5666	West Hartford	7	1
5667	West Hartford	7	1
5668	West Hattiesburg	24	1
5669	West Haven	7	1
5670	West Haven	7	1
5671	West Haven-Sylvan	37	1
5672	West Haverstraw	32	1
5673	West Helena	4	1
5674	West Hempstead	32	1
5675	West Hollywood	5	1
5676	West Islip	32	1
5677	West Jordan	44	1
5678	West Lafayette	14	1
5679	West Lake Stevens	47	1
5680	West Linn	37	1
5681	West Little River	9	1
5682	West Livingston	43	1
5683	West Long Branch	30	1
5684	West Melbourne	9	1
5685	West Memphis	4	1
5686	West Mifflin	38	1
5687	West Milford	30	1
5688	West Modesto	5	1
5689	West Monroe	18	1
5690	West New York	30	1
5691	West Norriton	38	1
5692	West Odessa	43	1
5693	West Orange	30	1
5694	West Palm Beach	9	1
5695	West Paterson	30	1
5696	West Pensacola	9	1
5697	West Perrine	9	1
5698	West Plains	25	1
5699	West Point	32	1
5700	West Point	24	1
5701	West Point	44	1
5702	West Puente Valley	5	1
5703	West Richland	47	1
5704	West Sacramento	5	1
5705	West Seneca	32	1
5706	West Seneca	32	1
5707	West Slope	37	1
5708	West Springfield	46	1
5709	West Springfield	21	1
5710	West Springfield	21	1
5711	West St. Paul	23	1
5712	West University Place	43	1
5713	West Valley	47	1
5714	West Valley City	44	1
5715	West Vero Corridor	9	1
5716	West View	38	1
5717	West Warwick	39	1
5718	West Warwick	39	1
5719	West Whittier-Los Nietos	5	1
5720	West Yarmouth	21	1
5721	Westborough	21	1
5722	Westbrook	7	1
5723	Westbrook	19	1
5724	Westbury	32	1
5725	Westchase	9	1
5726	Westchester	9	1
5727	Westchester	13	1
5728	Westerly	39	1
5729	Westerly	39	1
5730	Western Springs	13	1
5731	Westerville	35	1
5732	Westfield	21	1
5733	Westfield	30	1
5734	Westfield	14	1
5735	Westford	21	1
5736	Westgate-Belvedere Homes	9	1
5737	Westlake	35	1
5738	Westlake Village	5	1
5739	Westland	22	1
5740	Westmere	32	1
5741	Westminster	21	1
5742	Westminster	5	1
5743	Westminster	6	1
5744	Westminster	20	1
5745	Westmont	13	1
5746	Westmont	5	1
5747	Westmoreland	32	1
5748	Weston	7	1
5749	Weston	9	1
5750	Weston	21	1
5751	Weston	49	1
5752	Westport	21	1
5753	Westport	7	1
5754	Westport	7	1
5755	Westview	9	1
5756	Westwego	18	1
5757	Westwood	21	1
5758	Westwood	22	1
5759	Westwood	30	1
5760	Westwood Lakes	9	1
5761	Wethersfield	7	1
5762	Wethersfield	7	1
5763	Weymouth	21	1
5764	Weymouth	21	1
5765	Wharton	30	1
5766	Wharton	43	1
5767	Wheat Ridge	6	1
5768	Wheatfield	32	1
5769	Wheaton	13	1
5770	Wheaton-Glenmont	20	1
5771	Wheelersburg	35	1
5772	Wheeling	13	1
5773	Wheeling	48	1
5774	White Bear Lake	23	1
5775	White Center	47	1
5776	White Horse	30	1
5777	White House	42	1
5778	White Marsh	20	1
5779	White Meadow Lake	30	1
5780	White Oak	35	1
5781	White Oak	20	1
5782	White Oak	38	1
5783	White Plains	32	1
5784	White Rock	31	1
5785	White Settlement	43	1
5786	Whitefish Bay	49	1
5787	Whitehall	38	1
5788	Whitehall	35	1
5789	Whitestown	32	1
5790	Whitewater	49	1
5791	Whitinsville	21	1
5792	Whitman	21	1
5793	Whitmore Lake	22	1
5794	Whitney	28	1
5795	Whittier	5	1
5796	Wichita	16	1
5797	Wichita Falls	43	1
5798	Wickliffe	35	1
5799	Wilbraham	21	1
5800	Wildomar	5	1
5801	Wildwood	25	1
5802	Wilkes-Barre	38	1
5803	Wilkins Township	38	1
5804	Wilkinsburg	38	1
5805	Willard	35	1
5806	Williamsburg	9	1
5807	Williamsburg	46	1
5808	Williamson	32	1
5809	Williamsport	38	1
5810	Williamstown	30	1
5811	Williamstown	21	1
5812	Willimantic	7	1
5813	Williston	34	1
5814	Williston	45	1
5815	Williston Park	32	1
5816	Willmar	23	1
5817	Willoughby	35	1
5818	Willoughby Hills	35	1
5819	Willow Grove	38	1
5820	Willow Street	38	1
5821	Willowbrook	5	1
5822	Willowbrook	13	1
5823	Willowick	35	1
5824	Willows	5	1
5825	Wilmette	13	1
5826	Wilmington	21	1
5827	Wilmington	8	1
5828	Wilmington	35	1
5829	Wilmington	33	1
5830	Wilmington	21	1
5831	Wilmington Island	10	1
5832	Wilmington Manor	8	1
5833	Wilna	32	1
5834	Wilson	33	1
5835	Wilson	38	1
5836	Wilsonville	37	1
5837	Wilton	32	1
5838	Wilton	7	1
5839	Wilton Manors	9	1
5840	Winchendon	21	1
5841	Winchester	21	1
5842	Winchester	28	1
5843	Winchester	7	1
5844	Winchester	21	1
5845	Winchester	17	1
5846	Winchester	42	1
5847	Winchester	46	1
5848	Windemere	43	1
5849	Winder	10	1
5850	Windham	19	1
5851	Windham	7	1
5852	Windham	29	1
5853	Windsor	32	1
5854	Windsor	7	1
5855	Windsor	6	1
5856	Windsor	5	1
5857	Windsor Locks	7	1
5858	Windsor Locks	7	1
5859	Winfield	16	1
5860	Winfield	13	1
5861	Winnemucca	28	1
5862	Winnetka	13	1
5863	Winona	23	1
5864	Winooski	45	1
5865	Winslow	19	1
5866	Winslow	19	1
5867	Winslow	3	1
5868	Winsted	7	1
5869	Winston	9	1
5870	Winston-Salem	33	1
5871	Winter Garden	9	1
5872	Winter Gardens	5	1
5873	Winter Haven	9	1
5874	Winter Park	9	1
5875	Winter Springs	9	1
5876	Winters	5	1
5877	Winthrop	19	1
5878	Winthrop	21	1
5879	Winthrop	21	1
5880	Winthrop Harbor	13	1
5881	Winton	5	1
5882	Wisconsin Rapids	49	1
5883	Wixom	22	1
5884	Woburn	21	1
5885	Wolcott	7	1
5886	Wolf Trap	46	1
5887	Wolfeboro	29	1
5888	Wonder Lake	13	1
5889	Wood Dale	13	1
5890	Wood River	13	1
5891	Wood-Ridge	30	1
5892	Woodbourne-Hyde Park	35	1
5893	Woodbridge	30	1
5894	Woodbridge	7	1
5895	Woodbridge	46	1
5896	Woodburn	37	1
5897	Woodbury	7	1
5898	Woodbury	30	1
5899	Woodbury	23	1
5900	Woodbury	32	1
5901	Woodbury	32	1
5902	Woodcrest	5	1
5903	Woodfield	40	1
5904	Woodhaven	22	1
5905	Woodinville	47	1
5906	Woodlake	5	1
5907	Woodland	5	1
5908	Woodland Park	6	1
5909	Woodlawn	20	1
5910	Woodlawn	20	1
5911	Woodlyn	38	1
5912	Woodmere	18	1
5913	Woodmere	32	1
5914	Woodmoor	6	1
5915	Woodmore	20	1
5916	Woodridge	13	1
5917	Woods Cross	44	1
5918	Woodstock	10	1
5919	Woodstock	13	1
5920	Woodstock	7	1
5921	Woodstock	32	1
5922	Woodward	36	1
5923	Woodway	43	1
5924	Woonsocket	39	1
5925	Wooster	35	1
5926	Worcester	21	1
5927	Worth	13	1
5928	Worthington	23	1
5929	Worthington	35	1
5930	Wrentham	21	1
5931	Wright	9	1
5932	Wright-Patterson AFB	35	1
5933	Wyandanch	32	1
5934	Wyandotte	22	1
5935	Wyckoff	30	1
5936	Wylie	43	1
5937	Wyndham	46	1
5938	Wynne	4	1
5939	Wyoming	35	1
5940	Wyoming	22	1
5941	Wyomissing	38	1
5942	Wytheville	46	1
5943	Xenia	35	1
5944	Yakima	47	1
5945	Yankton	41	1
5946	Yardville-Groveville	30	1
5947	Yarmouth	19	1
5948	Yarmouth	21	1
5949	Yazoo City	24	1
5950	Yeadon	38	1
5951	Yeehaw Junction	9	1
5952	Yonkers	32	1
5953	Yorba Linda	5	1
5954	York	27	1
5955	York	19	1
5956	York	38	1
5957	York	40	1
5958	Yorketown	30	1
5959	Yorkshire	46	1
5960	Yorktown	32	1
5961	Yorktown Heights	32	1
5962	Yorkville	13	1
5963	Youngstown	35	1
5964	Ypsilanti	22	1
5965	Yreka	5	1
5966	Yuba City	5	1
5967	Yucaipa	5	1
5968	Yucca Valley	5	1
5969	Yukon	36	1
5970	Yulee	9	1
5971	Yuma	3	1
5972	Zachary	18	1
5973	Zanesville	35	1
5974	Zephyrhills	9	1
5975	Zion	13	1
5976	Zionsville	14	1
5977	Zuni Pueblo	31	1
\.


--
-- Data for Name: trip_state; Type: TABLE DATA; Schema: public; Owner: cotripperuser
--

COPY public.trip_state (id, name, code, country_id) FROM stdin;
1	Alabama	AL	1
2	Alaska	AK	1
3	Arizona	AZ	1
4	Arkansas	AR	1
5	California	CA	1
6	Colorado	CO	1
7	Connecticut	CT	1
8	Delaware	DE	1
9	Florida	FL	1
10	Georgia	GA	1
11	Hawaii	HI	1
12	Idaho	ID	1
13	Illinois	IL	1
14	Indiana	IN	1
15	Iowa	IA	1
16	Kansas	KS	1
17	Kentucky	KY	1
18	Louisiana	LA	1
19	Maine	ME	1
20	Maryland	MD	1
21	Massachusetts	MA	1
22	Michigan	MI	1
23	Minnesota	MN	1
24	Mississippi	MS	1
25	Missouri	MO	1
26	Montana	MT	1
27	Nebraska	NE	1
28	Nevada	NV	1
29	New Hampshire	NH	1
30	New Jersey	NJ	1
31	New Mexico	NM	1
32	New York	NY	1
33	North Carolina	NC	1
34	North Dakota	ND	1
35	Ohio	OH	1
36	Oklahoma	OK	1
37	Oregon	OR	1
38	Pennsylvania	PA	1
39	Rhode Island	RI	1
40	South Carolina	SC	1
41	South Dakota	SD	1
42	Tennessee	TN	1
43	Texas	TX	1
44	Utah	UT	1
45	Vermont	VT	1
46	Virginia	VA	1
47	Washington	WA	1
48	West Virginia	WV	1
49	Wisconsin	WI	1
50	Wyoming	WY	1
\.


--
-- Data for Name: trip_trip; Type: TABLE DATA; Schema: public; Owner: cotripperuser
--

COPY public.trip_trip (id, title, end_date, start_date, overview, "imageURLs") FROM stdin;
1	California Wine Country 2022	2022-04-26	2022-04-20	Enjoy a rejuvenating few days in the hills of California, drinking some of the best wines in the world.	['https://newsdeeply.imgix.net/20180628105312/grose368791.jpg?w=640&fit=max&q=60', 'https://www.sonomacounty.com/sites/default/files/inline-images/tasting_rooms_wineries_Jordan_Vineyards_Estate_Tour_and_Tasting_by_George_Rose_Sonoma_County_012_900x675.jpg']
2	Tokyo 2021	2021-06-26	2021-06-15	Experience the vibrant life of Tokyo, taste the city's delicious food, and learn about Tokyo's rich culture and history.	['https://stillmed.olympic.org/media/Images/OlympicOrg/News/2020/03/24/2020-03-24-tokyo-thumbnail-01.jpg', 'https://rimage.gnst.jp/livejapan.com/public/article/detail/a/00/02/a0002533/img/basic/a0002533_main.jpg?20200326125156&q=80&rw=750&rh=536']
3	Explore New Mexico 2020	2022-11-17	2020-11-12	Welcome to the Land of Enchanment. Experience majestic views while hiking, eat the infamous New Mexican green chili, and watch beautiful sunsets each day.	['https://www.lls.org/sites/default/files/chapters/nm/Image/banner/banner_chapter_new_mexico.jpg']
\.


--
-- Data for Name: trip_trip_activities; Type: TABLE DATA; Schema: public; Owner: cotripperuser
--

COPY public.trip_trip_activities (id, trip_id, activity_id) FROM stdin;
1	1	1
2	1	2
3	1	3
4	1	4
5	2	5
6	2	6
7	2	7
8	3	8
9	3	9
10	3	10
11	3	11
\.


--
-- Data for Name: trip_trip_locations; Type: TABLE DATA; Schema: public; Owner: cotripperuser
--

COPY public.trip_trip_locations (id, trip_id, location_id) FROM stdin;
1	1	2
2	1	6
3	1	7
4	2	1
5	3	3
6	3	5
\.


--
-- Name: accounts_customuser_groups_id_seq; Type: SEQUENCE SET; Schema: public; Owner: cotripperuser
--

SELECT pg_catalog.setval('public.accounts_customuser_groups_id_seq', 1, false);


--
-- Name: accounts_customuser_id_seq; Type: SEQUENCE SET; Schema: public; Owner: cotripperuser
--

SELECT pg_catalog.setval('public.accounts_customuser_id_seq', 5, true);


--
-- Name: accounts_customuser_user_permissions_id_seq; Type: SEQUENCE SET; Schema: public; Owner: cotripperuser
--

SELECT pg_catalog.setval('public.accounts_customuser_user_permissions_id_seq', 1, false);


--
-- Name: accounts_profile_activities_id_seq; Type: SEQUENCE SET; Schema: public; Owner: cotripperuser
--

SELECT pg_catalog.setval('public.accounts_profile_activities_id_seq', 26, true);


--
-- Name: accounts_profile_connections_id_seq; Type: SEQUENCE SET; Schema: public; Owner: cotripperuser
--

SELECT pg_catalog.setval('public.accounts_profile_connections_id_seq', 8, true);


--
-- Name: accounts_profile_events_id_seq; Type: SEQUENCE SET; Schema: public; Owner: cotripperuser
--

SELECT pg_catalog.setval('public.accounts_profile_events_id_seq', 7, true);


--
-- Name: accounts_profile_hashtags_id_seq; Type: SEQUENCE SET; Schema: public; Owner: cotripperuser
--

SELECT pg_catalog.setval('public.accounts_profile_hashtags_id_seq', 8, true);


--
-- Name: accounts_profile_topics_id_seq; Type: SEQUENCE SET; Schema: public; Owner: cotripperuser
--

SELECT pg_catalog.setval('public.accounts_profile_topics_id_seq', 9, true);


--
-- Name: accounts_profilesocialmedia_id_seq; Type: SEQUENCE SET; Schema: public; Owner: cotripperuser
--

SELECT pg_catalog.setval('public.accounts_profilesocialmedia_id_seq', 6, true);


--
-- Name: accounts_socialmediatype_id_seq; Type: SEQUENCE SET; Schema: public; Owner: cotripperuser
--

SELECT pg_catalog.setval('public.accounts_socialmediatype_id_seq', 3, true);


--
-- Name: auth_group_id_seq; Type: SEQUENCE SET; Schema: public; Owner: cotripperuser
--

SELECT pg_catalog.setval('public.auth_group_id_seq', 1, false);


--
-- Name: auth_group_permissions_id_seq; Type: SEQUENCE SET; Schema: public; Owner: cotripperuser
--

SELECT pg_catalog.setval('public.auth_group_permissions_id_seq', 1, false);


--
-- Name: auth_permission_id_seq; Type: SEQUENCE SET; Schema: public; Owner: cotripperuser
--

SELECT pg_catalog.setval('public.auth_permission_id_seq', 84, true);


--
-- Name: community_event_id_seq; Type: SEQUENCE SET; Schema: public; Owner: cotripperuser
--

SELECT pg_catalog.setval('public.community_event_id_seq', 3, true);


--
-- Name: community_group_id_seq; Type: SEQUENCE SET; Schema: public; Owner: cotripperuser
--

SELECT pg_catalog.setval('public.community_group_id_seq', 3, true);


--
-- Name: community_hashtag_id_seq; Type: SEQUENCE SET; Schema: public; Owner: cotripperuser
--

SELECT pg_catalog.setval('public.community_hashtag_id_seq', 3, true);


--
-- Name: community_media_id_seq; Type: SEQUENCE SET; Schema: public; Owner: cotripperuser
--

SELECT pg_catalog.setval('public.community_media_id_seq', 1, true);


--
-- Name: community_media_topics_id_seq; Type: SEQUENCE SET; Schema: public; Owner: cotripperuser
--

SELECT pg_catalog.setval('public.community_media_topics_id_seq', 2, true);


--
-- Name: community_topic_id_seq; Type: SEQUENCE SET; Schema: public; Owner: cotripperuser
--

SELECT pg_catalog.setval('public.community_topic_id_seq', 3, true);


--
-- Name: django_admin_log_id_seq; Type: SEQUENCE SET; Schema: public; Owner: cotripperuser
--

SELECT pg_catalog.setval('public.django_admin_log_id_seq', 1, false);


--
-- Name: django_content_type_id_seq; Type: SEQUENCE SET; Schema: public; Owner: cotripperuser
--

SELECT pg_catalog.setval('public.django_content_type_id_seq', 21, true);


--
-- Name: django_migrations_id_seq; Type: SEQUENCE SET; Schema: public; Owner: cotripperuser
--

SELECT pg_catalog.setval('public.django_migrations_id_seq', 69, true);


--
-- Name: forum_post_id_seq; Type: SEQUENCE SET; Schema: public; Owner: cotripperuser
--

SELECT pg_catalog.setval('public.forum_post_id_seq', 15, true);


--
-- Name: forum_post_parent_id_seq; Type: SEQUENCE SET; Schema: public; Owner: cotripperuser
--

SELECT pg_catalog.setval('public.forum_post_parent_id_seq', 20, true);


--
-- Name: trip_activity_id_seq; Type: SEQUENCE SET; Schema: public; Owner: cotripperuser
--

SELECT pg_catalog.setval('public.trip_activity_id_seq', 11, true);


--
-- Name: trip_country_id_seq; Type: SEQUENCE SET; Schema: public; Owner: cotripperuser
--

SELECT pg_catalog.setval('public.trip_country_id_seq', 2, true);


--
-- Name: trip_location_id_seq; Type: SEQUENCE SET; Schema: public; Owner: cotripperuser
--

SELECT pg_catalog.setval('public.trip_location_id_seq', 5977, true);


--
-- Name: trip_state_id_seq; Type: SEQUENCE SET; Schema: public; Owner: cotripperuser
--

SELECT pg_catalog.setval('public.trip_state_id_seq', 50, true);


--
-- Name: trip_trip_activities_id_seq; Type: SEQUENCE SET; Schema: public; Owner: cotripperuser
--

SELECT pg_catalog.setval('public.trip_trip_activities_id_seq', 11, true);


--
-- Name: trip_trip_id_seq; Type: SEQUENCE SET; Schema: public; Owner: cotripperuser
--

SELECT pg_catalog.setval('public.trip_trip_id_seq', 3, true);


--
-- Name: trip_trip_locations_id_seq; Type: SEQUENCE SET; Schema: public; Owner: cotripperuser
--

SELECT pg_catalog.setval('public.trip_trip_locations_id_seq', 6, true);


--
-- Name: accounts_customuser accounts_customuser_email_key; Type: CONSTRAINT; Schema: public; Owner: cotripperuser
--

ALTER TABLE ONLY public.accounts_customuser
    ADD CONSTRAINT accounts_customuser_email_key UNIQUE (email);


--
-- Name: accounts_customuser_groups accounts_customuser_groups_customuser_id_group_id_c074bdcb_uniq; Type: CONSTRAINT; Schema: public; Owner: cotripperuser
--

ALTER TABLE ONLY public.accounts_customuser_groups
    ADD CONSTRAINT accounts_customuser_groups_customuser_id_group_id_c074bdcb_uniq UNIQUE (customuser_id, group_id);


--
-- Name: accounts_customuser_groups accounts_customuser_groups_pkey; Type: CONSTRAINT; Schema: public; Owner: cotripperuser
--

ALTER TABLE ONLY public.accounts_customuser_groups
    ADD CONSTRAINT accounts_customuser_groups_pkey PRIMARY KEY (id);


--
-- Name: accounts_customuser accounts_customuser_pkey; Type: CONSTRAINT; Schema: public; Owner: cotripperuser
--

ALTER TABLE ONLY public.accounts_customuser
    ADD CONSTRAINT accounts_customuser_pkey PRIMARY KEY (id);


--
-- Name: accounts_customuser_user_permissions accounts_customuser_user_customuser_id_permission_9632a709_uniq; Type: CONSTRAINT; Schema: public; Owner: cotripperuser
--

ALTER TABLE ONLY public.accounts_customuser_user_permissions
    ADD CONSTRAINT accounts_customuser_user_customuser_id_permission_9632a709_uniq UNIQUE (customuser_id, permission_id);


--
-- Name: accounts_customuser_user_permissions accounts_customuser_user_permissions_pkey; Type: CONSTRAINT; Schema: public; Owner: cotripperuser
--

ALTER TABLE ONLY public.accounts_customuser_user_permissions
    ADD CONSTRAINT accounts_customuser_user_permissions_pkey PRIMARY KEY (id);


--
-- Name: accounts_profile_activities accounts_profile_activit_profile_id_activity_id_38edee5e_uniq; Type: CONSTRAINT; Schema: public; Owner: cotripperuser
--

ALTER TABLE ONLY public.accounts_profile_activities
    ADD CONSTRAINT accounts_profile_activit_profile_id_activity_id_38edee5e_uniq UNIQUE (profile_id, activity_id);


--
-- Name: accounts_profile_activities accounts_profile_activities_pkey; Type: CONSTRAINT; Schema: public; Owner: cotripperuser
--

ALTER TABLE ONLY public.accounts_profile_activities
    ADD CONSTRAINT accounts_profile_activities_pkey PRIMARY KEY (id);


--
-- Name: accounts_profile_connections accounts_profile_connect_from_profile_id_to_profi_dfef94ff_uniq; Type: CONSTRAINT; Schema: public; Owner: cotripperuser
--

ALTER TABLE ONLY public.accounts_profile_connections
    ADD CONSTRAINT accounts_profile_connect_from_profile_id_to_profi_dfef94ff_uniq UNIQUE (from_profile_id, to_profile_id);


--
-- Name: accounts_profile_connections accounts_profile_connections_pkey; Type: CONSTRAINT; Schema: public; Owner: cotripperuser
--

ALTER TABLE ONLY public.accounts_profile_connections
    ADD CONSTRAINT accounts_profile_connections_pkey PRIMARY KEY (id);


--
-- Name: accounts_profile_events accounts_profile_events_pkey; Type: CONSTRAINT; Schema: public; Owner: cotripperuser
--

ALTER TABLE ONLY public.accounts_profile_events
    ADD CONSTRAINT accounts_profile_events_pkey PRIMARY KEY (id);


--
-- Name: accounts_profile_events accounts_profile_events_profile_id_event_id_6eed0e59_uniq; Type: CONSTRAINT; Schema: public; Owner: cotripperuser
--

ALTER TABLE ONLY public.accounts_profile_events
    ADD CONSTRAINT accounts_profile_events_profile_id_event_id_6eed0e59_uniq UNIQUE (profile_id, event_id);


--
-- Name: accounts_profile_hashtags accounts_profile_hashtags_pkey; Type: CONSTRAINT; Schema: public; Owner: cotripperuser
--

ALTER TABLE ONLY public.accounts_profile_hashtags
    ADD CONSTRAINT accounts_profile_hashtags_pkey PRIMARY KEY (id);


--
-- Name: accounts_profile_hashtags accounts_profile_hashtags_profile_id_hashtag_id_e60eeb88_uniq; Type: CONSTRAINT; Schema: public; Owner: cotripperuser
--

ALTER TABLE ONLY public.accounts_profile_hashtags
    ADD CONSTRAINT accounts_profile_hashtags_profile_id_hashtag_id_e60eeb88_uniq UNIQUE (profile_id, hashtag_id);


--
-- Name: accounts_profile accounts_profile_pkey; Type: CONSTRAINT; Schema: public; Owner: cotripperuser
--

ALTER TABLE ONLY public.accounts_profile
    ADD CONSTRAINT accounts_profile_pkey PRIMARY KEY (user_id);


--
-- Name: accounts_profile_topics accounts_profile_topics_pkey; Type: CONSTRAINT; Schema: public; Owner: cotripperuser
--

ALTER TABLE ONLY public.accounts_profile_topics
    ADD CONSTRAINT accounts_profile_topics_pkey PRIMARY KEY (id);


--
-- Name: accounts_profile_topics accounts_profile_topics_profile_id_topic_id_9ea7a273_uniq; Type: CONSTRAINT; Schema: public; Owner: cotripperuser
--

ALTER TABLE ONLY public.accounts_profile_topics
    ADD CONSTRAINT accounts_profile_topics_profile_id_topic_id_9ea7a273_uniq UNIQUE (profile_id, topic_id);


--
-- Name: accounts_profilesocialmedia accounts_profilesocialmedia_pkey; Type: CONSTRAINT; Schema: public; Owner: cotripperuser
--

ALTER TABLE ONLY public.accounts_profilesocialmedia
    ADD CONSTRAINT accounts_profilesocialmedia_pkey PRIMARY KEY (id);


--
-- Name: accounts_socialmediatype accounts_socialmediatype_pkey; Type: CONSTRAINT; Schema: public; Owner: cotripperuser
--

ALTER TABLE ONLY public.accounts_socialmediatype
    ADD CONSTRAINT accounts_socialmediatype_pkey PRIMARY KEY (id);


--
-- Name: auth_group auth_group_name_key; Type: CONSTRAINT; Schema: public; Owner: cotripperuser
--

ALTER TABLE ONLY public.auth_group
    ADD CONSTRAINT auth_group_name_key UNIQUE (name);


--
-- Name: auth_group_permissions auth_group_permissions_group_id_permission_id_0cd325b0_uniq; Type: CONSTRAINT; Schema: public; Owner: cotripperuser
--

ALTER TABLE ONLY public.auth_group_permissions
    ADD CONSTRAINT auth_group_permissions_group_id_permission_id_0cd325b0_uniq UNIQUE (group_id, permission_id);


--
-- Name: auth_group_permissions auth_group_permissions_pkey; Type: CONSTRAINT; Schema: public; Owner: cotripperuser
--

ALTER TABLE ONLY public.auth_group_permissions
    ADD CONSTRAINT auth_group_permissions_pkey PRIMARY KEY (id);


--
-- Name: auth_group auth_group_pkey; Type: CONSTRAINT; Schema: public; Owner: cotripperuser
--

ALTER TABLE ONLY public.auth_group
    ADD CONSTRAINT auth_group_pkey PRIMARY KEY (id);


--
-- Name: auth_permission auth_permission_content_type_id_codename_01ab375a_uniq; Type: CONSTRAINT; Schema: public; Owner: cotripperuser
--

ALTER TABLE ONLY public.auth_permission
    ADD CONSTRAINT auth_permission_content_type_id_codename_01ab375a_uniq UNIQUE (content_type_id, codename);


--
-- Name: auth_permission auth_permission_pkey; Type: CONSTRAINT; Schema: public; Owner: cotripperuser
--

ALTER TABLE ONLY public.auth_permission
    ADD CONSTRAINT auth_permission_pkey PRIMARY KEY (id);


--
-- Name: community_event community_event_pkey; Type: CONSTRAINT; Schema: public; Owner: cotripperuser
--

ALTER TABLE ONLY public.community_event
    ADD CONSTRAINT community_event_pkey PRIMARY KEY (id);


--
-- Name: community_group community_group_pkey; Type: CONSTRAINT; Schema: public; Owner: cotripperuser
--

ALTER TABLE ONLY public.community_group
    ADD CONSTRAINT community_group_pkey PRIMARY KEY (id);


--
-- Name: community_hashtag community_hashtag_pkey; Type: CONSTRAINT; Schema: public; Owner: cotripperuser
--

ALTER TABLE ONLY public.community_hashtag
    ADD CONSTRAINT community_hashtag_pkey PRIMARY KEY (id);


--
-- Name: community_media community_media_pkey; Type: CONSTRAINT; Schema: public; Owner: cotripperuser
--

ALTER TABLE ONLY public.community_media
    ADD CONSTRAINT community_media_pkey PRIMARY KEY (id);


--
-- Name: community_media_topics community_media_topics_media_id_topic_id_897680cf_uniq; Type: CONSTRAINT; Schema: public; Owner: cotripperuser
--

ALTER TABLE ONLY public.community_media_topics
    ADD CONSTRAINT community_media_topics_media_id_topic_id_897680cf_uniq UNIQUE (media_id, topic_id);


--
-- Name: community_media_topics community_media_topics_pkey; Type: CONSTRAINT; Schema: public; Owner: cotripperuser
--

ALTER TABLE ONLY public.community_media_topics
    ADD CONSTRAINT community_media_topics_pkey PRIMARY KEY (id);


--
-- Name: community_topic community_topic_pkey; Type: CONSTRAINT; Schema: public; Owner: cotripperuser
--

ALTER TABLE ONLY public.community_topic
    ADD CONSTRAINT community_topic_pkey PRIMARY KEY (id);


--
-- Name: django_admin_log django_admin_log_pkey; Type: CONSTRAINT; Schema: public; Owner: cotripperuser
--

ALTER TABLE ONLY public.django_admin_log
    ADD CONSTRAINT django_admin_log_pkey PRIMARY KEY (id);


--
-- Name: django_content_type django_content_type_app_label_model_76bd3d3b_uniq; Type: CONSTRAINT; Schema: public; Owner: cotripperuser
--

ALTER TABLE ONLY public.django_content_type
    ADD CONSTRAINT django_content_type_app_label_model_76bd3d3b_uniq UNIQUE (app_label, model);


--
-- Name: django_content_type django_content_type_pkey; Type: CONSTRAINT; Schema: public; Owner: cotripperuser
--

ALTER TABLE ONLY public.django_content_type
    ADD CONSTRAINT django_content_type_pkey PRIMARY KEY (id);


--
-- Name: django_migrations django_migrations_pkey; Type: CONSTRAINT; Schema: public; Owner: cotripperuser
--

ALTER TABLE ONLY public.django_migrations
    ADD CONSTRAINT django_migrations_pkey PRIMARY KEY (id);


--
-- Name: django_session django_session_pkey; Type: CONSTRAINT; Schema: public; Owner: cotripperuser
--

ALTER TABLE ONLY public.django_session
    ADD CONSTRAINT django_session_pkey PRIMARY KEY (session_key);


--
-- Name: forum_post_parent forum_post_parent_from_post_id_to_post_id_9f80e0dd_uniq; Type: CONSTRAINT; Schema: public; Owner: cotripperuser
--

ALTER TABLE ONLY public.forum_post_parent
    ADD CONSTRAINT forum_post_parent_from_post_id_to_post_id_9f80e0dd_uniq UNIQUE (from_post_id, to_post_id);


--
-- Name: forum_post_parent forum_post_parent_pkey; Type: CONSTRAINT; Schema: public; Owner: cotripperuser
--

ALTER TABLE ONLY public.forum_post_parent
    ADD CONSTRAINT forum_post_parent_pkey PRIMARY KEY (id);


--
-- Name: forum_post forum_post_pkey; Type: CONSTRAINT; Schema: public; Owner: cotripperuser
--

ALTER TABLE ONLY public.forum_post
    ADD CONSTRAINT forum_post_pkey PRIMARY KEY (id);


--
-- Name: knox_authtoken knox_authtoken_pkey; Type: CONSTRAINT; Schema: public; Owner: cotripperuser
--

ALTER TABLE ONLY public.knox_authtoken
    ADD CONSTRAINT knox_authtoken_pkey PRIMARY KEY (digest);


--
-- Name: knox_authtoken knox_authtoken_salt_key; Type: CONSTRAINT; Schema: public; Owner: cotripperuser
--

ALTER TABLE ONLY public.knox_authtoken
    ADD CONSTRAINT knox_authtoken_salt_key UNIQUE (salt);


--
-- Name: trip_activity trip_activity_pkey; Type: CONSTRAINT; Schema: public; Owner: cotripperuser
--

ALTER TABLE ONLY public.trip_activity
    ADD CONSTRAINT trip_activity_pkey PRIMARY KEY (id);


--
-- Name: trip_country trip_country_pkey; Type: CONSTRAINT; Schema: public; Owner: cotripperuser
--

ALTER TABLE ONLY public.trip_country
    ADD CONSTRAINT trip_country_pkey PRIMARY KEY (id);


--
-- Name: trip_location trip_location_pkey; Type: CONSTRAINT; Schema: public; Owner: cotripperuser
--

ALTER TABLE ONLY public.trip_location
    ADD CONSTRAINT trip_location_pkey PRIMARY KEY (id);


--
-- Name: trip_state trip_state_pkey; Type: CONSTRAINT; Schema: public; Owner: cotripperuser
--

ALTER TABLE ONLY public.trip_state
    ADD CONSTRAINT trip_state_pkey PRIMARY KEY (id);


--
-- Name: trip_trip_activities trip_trip_activities_pkey; Type: CONSTRAINT; Schema: public; Owner: cotripperuser
--

ALTER TABLE ONLY public.trip_trip_activities
    ADD CONSTRAINT trip_trip_activities_pkey PRIMARY KEY (id);


--
-- Name: trip_trip_activities trip_trip_activities_trip_id_activity_id_8f5a4502_uniq; Type: CONSTRAINT; Schema: public; Owner: cotripperuser
--

ALTER TABLE ONLY public.trip_trip_activities
    ADD CONSTRAINT trip_trip_activities_trip_id_activity_id_8f5a4502_uniq UNIQUE (trip_id, activity_id);


--
-- Name: trip_trip_locations trip_trip_locations_pkey; Type: CONSTRAINT; Schema: public; Owner: cotripperuser
--

ALTER TABLE ONLY public.trip_trip_locations
    ADD CONSTRAINT trip_trip_locations_pkey PRIMARY KEY (id);


--
-- Name: trip_trip_locations trip_trip_locations_trip_id_location_id_1f40c9ff_uniq; Type: CONSTRAINT; Schema: public; Owner: cotripperuser
--

ALTER TABLE ONLY public.trip_trip_locations
    ADD CONSTRAINT trip_trip_locations_trip_id_location_id_1f40c9ff_uniq UNIQUE (trip_id, location_id);


--
-- Name: trip_trip trip_trip_pkey; Type: CONSTRAINT; Schema: public; Owner: cotripperuser
--

ALTER TABLE ONLY public.trip_trip
    ADD CONSTRAINT trip_trip_pkey PRIMARY KEY (id);


--
-- Name: accounts_customuser_email_4fd8e7ce_like; Type: INDEX; Schema: public; Owner: cotripperuser
--

CREATE INDEX accounts_customuser_email_4fd8e7ce_like ON public.accounts_customuser USING btree (email varchar_pattern_ops);


--
-- Name: accounts_customuser_groups_customuser_id_bc55088e; Type: INDEX; Schema: public; Owner: cotripperuser
--

CREATE INDEX accounts_customuser_groups_customuser_id_bc55088e ON public.accounts_customuser_groups USING btree (customuser_id);


--
-- Name: accounts_customuser_groups_group_id_86ba5f9e; Type: INDEX; Schema: public; Owner: cotripperuser
--

CREATE INDEX accounts_customuser_groups_group_id_86ba5f9e ON public.accounts_customuser_groups USING btree (group_id);


--
-- Name: accounts_customuser_user_permissions_customuser_id_0deaefae; Type: INDEX; Schema: public; Owner: cotripperuser
--

CREATE INDEX accounts_customuser_user_permissions_customuser_id_0deaefae ON public.accounts_customuser_user_permissions USING btree (customuser_id);


--
-- Name: accounts_customuser_user_permissions_permission_id_aea3d0e5; Type: INDEX; Schema: public; Owner: cotripperuser
--

CREATE INDEX accounts_customuser_user_permissions_permission_id_aea3d0e5 ON public.accounts_customuser_user_permissions USING btree (permission_id);


--
-- Name: accounts_profile_activities_activity_id_08ed73dd; Type: INDEX; Schema: public; Owner: cotripperuser
--

CREATE INDEX accounts_profile_activities_activity_id_08ed73dd ON public.accounts_profile_activities USING btree (activity_id);


--
-- Name: accounts_profile_activities_profile_id_4cb82282; Type: INDEX; Schema: public; Owner: cotripperuser
--

CREATE INDEX accounts_profile_activities_profile_id_4cb82282 ON public.accounts_profile_activities USING btree (profile_id);


--
-- Name: accounts_profile_city_of_residence_id_22353f95; Type: INDEX; Schema: public; Owner: cotripperuser
--

CREATE INDEX accounts_profile_city_of_residence_id_22353f95 ON public.accounts_profile USING btree (city_of_residence_id);


--
-- Name: accounts_profile_connections_from_profile_id_3e59a3d9; Type: INDEX; Schema: public; Owner: cotripperuser
--

CREATE INDEX accounts_profile_connections_from_profile_id_3e59a3d9 ON public.accounts_profile_connections USING btree (from_profile_id);


--
-- Name: accounts_profile_connections_to_profile_id_8949fd4f; Type: INDEX; Schema: public; Owner: cotripperuser
--

CREATE INDEX accounts_profile_connections_to_profile_id_8949fd4f ON public.accounts_profile_connections USING btree (to_profile_id);


--
-- Name: accounts_profile_events_event_id_7f6c8596; Type: INDEX; Schema: public; Owner: cotripperuser
--

CREATE INDEX accounts_profile_events_event_id_7f6c8596 ON public.accounts_profile_events USING btree (event_id);


--
-- Name: accounts_profile_events_profile_id_c7e2681d; Type: INDEX; Schema: public; Owner: cotripperuser
--

CREATE INDEX accounts_profile_events_profile_id_c7e2681d ON public.accounts_profile_events USING btree (profile_id);


--
-- Name: accounts_profile_hashtags_hashtag_id_b3ffeb45; Type: INDEX; Schema: public; Owner: cotripperuser
--

CREATE INDEX accounts_profile_hashtags_hashtag_id_b3ffeb45 ON public.accounts_profile_hashtags USING btree (hashtag_id);


--
-- Name: accounts_profile_hashtags_profile_id_709e60db; Type: INDEX; Schema: public; Owner: cotripperuser
--

CREATE INDEX accounts_profile_hashtags_profile_id_709e60db ON public.accounts_profile_hashtags USING btree (profile_id);


--
-- Name: accounts_profile_topics_profile_id_15605abc; Type: INDEX; Schema: public; Owner: cotripperuser
--

CREATE INDEX accounts_profile_topics_profile_id_15605abc ON public.accounts_profile_topics USING btree (profile_id);


--
-- Name: accounts_profile_topics_topic_id_ac694f83; Type: INDEX; Schema: public; Owner: cotripperuser
--

CREATE INDEX accounts_profile_topics_topic_id_ac694f83 ON public.accounts_profile_topics USING btree (topic_id);


--
-- Name: accounts_profilesocialmedia_profile_id_e4f27e3d; Type: INDEX; Schema: public; Owner: cotripperuser
--

CREATE INDEX accounts_profilesocialmedia_profile_id_e4f27e3d ON public.accounts_profilesocialmedia USING btree (profile_id);


--
-- Name: accounts_profilesocialmedia_type_id_07ee37c5; Type: INDEX; Schema: public; Owner: cotripperuser
--

CREATE INDEX accounts_profilesocialmedia_type_id_07ee37c5 ON public.accounts_profilesocialmedia USING btree (social_media_type_id);


--
-- Name: auth_group_name_a6ea08ec_like; Type: INDEX; Schema: public; Owner: cotripperuser
--

CREATE INDEX auth_group_name_a6ea08ec_like ON public.auth_group USING btree (name varchar_pattern_ops);


--
-- Name: auth_group_permissions_group_id_b120cbf9; Type: INDEX; Schema: public; Owner: cotripperuser
--

CREATE INDEX auth_group_permissions_group_id_b120cbf9 ON public.auth_group_permissions USING btree (group_id);


--
-- Name: auth_group_permissions_permission_id_84c5c92e; Type: INDEX; Schema: public; Owner: cotripperuser
--

CREATE INDEX auth_group_permissions_permission_id_84c5c92e ON public.auth_group_permissions USING btree (permission_id);


--
-- Name: auth_permission_content_type_id_2f476e4b; Type: INDEX; Schema: public; Owner: cotripperuser
--

CREATE INDEX auth_permission_content_type_id_2f476e4b ON public.auth_permission USING btree (content_type_id);


--
-- Name: community_event_group_id_fc3a5e63; Type: INDEX; Schema: public; Owner: cotripperuser
--

CREATE INDEX community_event_group_id_fc3a5e63 ON public.community_event USING btree (group_id);


--
-- Name: community_event_location_id_9b6d8ec7; Type: INDEX; Schema: public; Owner: cotripperuser
--

CREATE INDEX community_event_location_id_9b6d8ec7 ON public.community_event USING btree (location_id);


--
-- Name: community_media_author_id_6990d247; Type: INDEX; Schema: public; Owner: cotripperuser
--

CREATE INDEX community_media_author_id_6990d247 ON public.community_media USING btree (author_id);


--
-- Name: community_media_group_id_36f1e775; Type: INDEX; Schema: public; Owner: cotripperuser
--

CREATE INDEX community_media_group_id_36f1e775 ON public.community_media USING btree (group_id);


--
-- Name: community_media_hashtag_id_af71c4fa; Type: INDEX; Schema: public; Owner: cotripperuser
--

CREATE INDEX community_media_hashtag_id_af71c4fa ON public.community_media USING btree (hashtag_id);


--
-- Name: community_media_topics_media_id_7b1171f9; Type: INDEX; Schema: public; Owner: cotripperuser
--

CREATE INDEX community_media_topics_media_id_7b1171f9 ON public.community_media_topics USING btree (media_id);


--
-- Name: community_media_topics_topic_id_28c44ff9; Type: INDEX; Schema: public; Owner: cotripperuser
--

CREATE INDEX community_media_topics_topic_id_28c44ff9 ON public.community_media_topics USING btree (topic_id);


--
-- Name: django_admin_log_content_type_id_c4bce8eb; Type: INDEX; Schema: public; Owner: cotripperuser
--

CREATE INDEX django_admin_log_content_type_id_c4bce8eb ON public.django_admin_log USING btree (content_type_id);


--
-- Name: django_admin_log_user_id_c564eba6; Type: INDEX; Schema: public; Owner: cotripperuser
--

CREATE INDEX django_admin_log_user_id_c564eba6 ON public.django_admin_log USING btree (user_id);


--
-- Name: django_session_expire_date_a5c62663; Type: INDEX; Schema: public; Owner: cotripperuser
--

CREATE INDEX django_session_expire_date_a5c62663 ON public.django_session USING btree (expire_date);


--
-- Name: django_session_session_key_c0390e0f_like; Type: INDEX; Schema: public; Owner: cotripperuser
--

CREATE INDEX django_session_session_key_c0390e0f_like ON public.django_session USING btree (session_key varchar_pattern_ops);


--
-- Name: forum_post_author_id_609b7963; Type: INDEX; Schema: public; Owner: cotripperuser
--

CREATE INDEX forum_post_author_id_609b7963 ON public.forum_post USING btree (author_id);


--
-- Name: forum_post_parent_from_post_id_858022d8; Type: INDEX; Schema: public; Owner: cotripperuser
--

CREATE INDEX forum_post_parent_from_post_id_858022d8 ON public.forum_post_parent USING btree (from_post_id);


--
-- Name: forum_post_parent_to_post_id_03561107; Type: INDEX; Schema: public; Owner: cotripperuser
--

CREATE INDEX forum_post_parent_to_post_id_03561107 ON public.forum_post_parent USING btree (to_post_id);


--
-- Name: knox_authtoken_digest_188c7e77_like; Type: INDEX; Schema: public; Owner: cotripperuser
--

CREATE INDEX knox_authtoken_digest_188c7e77_like ON public.knox_authtoken USING btree (digest varchar_pattern_ops);


--
-- Name: knox_authtoken_salt_3d9f48ac_like; Type: INDEX; Schema: public; Owner: cotripperuser
--

CREATE INDEX knox_authtoken_salt_3d9f48ac_like ON public.knox_authtoken USING btree (salt varchar_pattern_ops);


--
-- Name: knox_authtoken_token_key_8f4f7d47; Type: INDEX; Schema: public; Owner: cotripperuser
--

CREATE INDEX knox_authtoken_token_key_8f4f7d47 ON public.knox_authtoken USING btree (token_key);


--
-- Name: knox_authtoken_token_key_8f4f7d47_like; Type: INDEX; Schema: public; Owner: cotripperuser
--

CREATE INDEX knox_authtoken_token_key_8f4f7d47_like ON public.knox_authtoken USING btree (token_key varchar_pattern_ops);


--
-- Name: knox_authtoken_user_id_e5a5d899; Type: INDEX; Schema: public; Owner: cotripperuser
--

CREATE INDEX knox_authtoken_user_id_e5a5d899 ON public.knox_authtoken USING btree (user_id);


--
-- Name: trip_activity_location_id_ae0c002c; Type: INDEX; Schema: public; Owner: cotripperuser
--

CREATE INDEX trip_activity_location_id_ae0c002c ON public.trip_activity USING btree (location_id);


--
-- Name: trip_location_country_id_11d501ab; Type: INDEX; Schema: public; Owner: cotripperuser
--

CREATE INDEX trip_location_country_id_11d501ab ON public.trip_location USING btree (country_id);


--
-- Name: trip_location_state_id_a6fd0c7c; Type: INDEX; Schema: public; Owner: cotripperuser
--

CREATE INDEX trip_location_state_id_a6fd0c7c ON public.trip_location USING btree (state_id);


--
-- Name: trip_state_country_id_9716ffd3; Type: INDEX; Schema: public; Owner: cotripperuser
--

CREATE INDEX trip_state_country_id_9716ffd3 ON public.trip_state USING btree (country_id);


--
-- Name: trip_trip_activities_activity_id_9105beaa; Type: INDEX; Schema: public; Owner: cotripperuser
--

CREATE INDEX trip_trip_activities_activity_id_9105beaa ON public.trip_trip_activities USING btree (activity_id);


--
-- Name: trip_trip_activities_trip_id_2623241b; Type: INDEX; Schema: public; Owner: cotripperuser
--

CREATE INDEX trip_trip_activities_trip_id_2623241b ON public.trip_trip_activities USING btree (trip_id);


--
-- Name: trip_trip_locations_location_id_7b3b789c; Type: INDEX; Schema: public; Owner: cotripperuser
--

CREATE INDEX trip_trip_locations_location_id_7b3b789c ON public.trip_trip_locations USING btree (location_id);


--
-- Name: trip_trip_locations_trip_id_1ead159d; Type: INDEX; Schema: public; Owner: cotripperuser
--

CREATE INDEX trip_trip_locations_trip_id_1ead159d ON public.trip_trip_locations USING btree (trip_id);


--
-- Name: accounts_customuser_user_permissions accounts_customuser__customuser_id_0deaefae_fk_accounts_; Type: FK CONSTRAINT; Schema: public; Owner: cotripperuser
--

ALTER TABLE ONLY public.accounts_customuser_user_permissions
    ADD CONSTRAINT accounts_customuser__customuser_id_0deaefae_fk_accounts_ FOREIGN KEY (customuser_id) REFERENCES public.accounts_customuser(id) DEFERRABLE INITIALLY DEFERRED;


--
-- Name: accounts_customuser_groups accounts_customuser__customuser_id_bc55088e_fk_accounts_; Type: FK CONSTRAINT; Schema: public; Owner: cotripperuser
--

ALTER TABLE ONLY public.accounts_customuser_groups
    ADD CONSTRAINT accounts_customuser__customuser_id_bc55088e_fk_accounts_ FOREIGN KEY (customuser_id) REFERENCES public.accounts_customuser(id) DEFERRABLE INITIALLY DEFERRED;


--
-- Name: accounts_customuser_user_permissions accounts_customuser__permission_id_aea3d0e5_fk_auth_perm; Type: FK CONSTRAINT; Schema: public; Owner: cotripperuser
--

ALTER TABLE ONLY public.accounts_customuser_user_permissions
    ADD CONSTRAINT accounts_customuser__permission_id_aea3d0e5_fk_auth_perm FOREIGN KEY (permission_id) REFERENCES public.auth_permission(id) DEFERRABLE INITIALLY DEFERRED;


--
-- Name: accounts_customuser_groups accounts_customuser_groups_group_id_86ba5f9e_fk_auth_group_id; Type: FK CONSTRAINT; Schema: public; Owner: cotripperuser
--

ALTER TABLE ONLY public.accounts_customuser_groups
    ADD CONSTRAINT accounts_customuser_groups_group_id_86ba5f9e_fk_auth_group_id FOREIGN KEY (group_id) REFERENCES public.auth_group(id) DEFERRABLE INITIALLY DEFERRED;


--
-- Name: accounts_profile_activities accounts_profile_act_activity_id_08ed73dd_fk_trip_acti; Type: FK CONSTRAINT; Schema: public; Owner: cotripperuser
--

ALTER TABLE ONLY public.accounts_profile_activities
    ADD CONSTRAINT accounts_profile_act_activity_id_08ed73dd_fk_trip_acti FOREIGN KEY (activity_id) REFERENCES public.trip_activity(id) DEFERRABLE INITIALLY DEFERRED;


--
-- Name: accounts_profile_activities accounts_profile_act_profile_id_4cb82282_fk_accounts_; Type: FK CONSTRAINT; Schema: public; Owner: cotripperuser
--

ALTER TABLE ONLY public.accounts_profile_activities
    ADD CONSTRAINT accounts_profile_act_profile_id_4cb82282_fk_accounts_ FOREIGN KEY (profile_id) REFERENCES public.accounts_profile(user_id) DEFERRABLE INITIALLY DEFERRED;


--
-- Name: accounts_profile accounts_profile_city_of_residence_id_22353f95_fk_trip_loca; Type: FK CONSTRAINT; Schema: public; Owner: cotripperuser
--

ALTER TABLE ONLY public.accounts_profile
    ADD CONSTRAINT accounts_profile_city_of_residence_id_22353f95_fk_trip_loca FOREIGN KEY (city_of_residence_id) REFERENCES public.trip_location(id) DEFERRABLE INITIALLY DEFERRED;


--
-- Name: accounts_profile_connections accounts_profile_con_from_profile_id_3e59a3d9_fk_accounts_; Type: FK CONSTRAINT; Schema: public; Owner: cotripperuser
--

ALTER TABLE ONLY public.accounts_profile_connections
    ADD CONSTRAINT accounts_profile_con_from_profile_id_3e59a3d9_fk_accounts_ FOREIGN KEY (from_profile_id) REFERENCES public.accounts_profile(user_id) DEFERRABLE INITIALLY DEFERRED;


--
-- Name: accounts_profile_connections accounts_profile_con_to_profile_id_8949fd4f_fk_accounts_; Type: FK CONSTRAINT; Schema: public; Owner: cotripperuser
--

ALTER TABLE ONLY public.accounts_profile_connections
    ADD CONSTRAINT accounts_profile_con_to_profile_id_8949fd4f_fk_accounts_ FOREIGN KEY (to_profile_id) REFERENCES public.accounts_profile(user_id) DEFERRABLE INITIALLY DEFERRED;


--
-- Name: accounts_profile_events accounts_profile_eve_profile_id_c7e2681d_fk_accounts_; Type: FK CONSTRAINT; Schema: public; Owner: cotripperuser
--

ALTER TABLE ONLY public.accounts_profile_events
    ADD CONSTRAINT accounts_profile_eve_profile_id_c7e2681d_fk_accounts_ FOREIGN KEY (profile_id) REFERENCES public.accounts_profile(user_id) DEFERRABLE INITIALLY DEFERRED;


--
-- Name: accounts_profile_events accounts_profile_events_event_id_7f6c8596_fk_community_event_id; Type: FK CONSTRAINT; Schema: public; Owner: cotripperuser
--

ALTER TABLE ONLY public.accounts_profile_events
    ADD CONSTRAINT accounts_profile_events_event_id_7f6c8596_fk_community_event_id FOREIGN KEY (event_id) REFERENCES public.community_event(id) DEFERRABLE INITIALLY DEFERRED;


--
-- Name: accounts_profile_hashtags accounts_profile_has_hashtag_id_b3ffeb45_fk_community; Type: FK CONSTRAINT; Schema: public; Owner: cotripperuser
--

ALTER TABLE ONLY public.accounts_profile_hashtags
    ADD CONSTRAINT accounts_profile_has_hashtag_id_b3ffeb45_fk_community FOREIGN KEY (hashtag_id) REFERENCES public.community_hashtag(id) DEFERRABLE INITIALLY DEFERRED;


--
-- Name: accounts_profile_hashtags accounts_profile_has_profile_id_709e60db_fk_accounts_; Type: FK CONSTRAINT; Schema: public; Owner: cotripperuser
--

ALTER TABLE ONLY public.accounts_profile_hashtags
    ADD CONSTRAINT accounts_profile_has_profile_id_709e60db_fk_accounts_ FOREIGN KEY (profile_id) REFERENCES public.accounts_profile(user_id) DEFERRABLE INITIALLY DEFERRED;


--
-- Name: accounts_profile_topics accounts_profile_top_profile_id_15605abc_fk_accounts_; Type: FK CONSTRAINT; Schema: public; Owner: cotripperuser
--

ALTER TABLE ONLY public.accounts_profile_topics
    ADD CONSTRAINT accounts_profile_top_profile_id_15605abc_fk_accounts_ FOREIGN KEY (profile_id) REFERENCES public.accounts_profile(user_id) DEFERRABLE INITIALLY DEFERRED;


--
-- Name: accounts_profile_topics accounts_profile_topics_topic_id_ac694f83_fk_community_topic_id; Type: FK CONSTRAINT; Schema: public; Owner: cotripperuser
--

ALTER TABLE ONLY public.accounts_profile_topics
    ADD CONSTRAINT accounts_profile_topics_topic_id_ac694f83_fk_community_topic_id FOREIGN KEY (topic_id) REFERENCES public.community_topic(id) DEFERRABLE INITIALLY DEFERRED;


--
-- Name: accounts_profile accounts_profile_user_id_49a85d32_fk_accounts_customuser_id; Type: FK CONSTRAINT; Schema: public; Owner: cotripperuser
--

ALTER TABLE ONLY public.accounts_profile
    ADD CONSTRAINT accounts_profile_user_id_49a85d32_fk_accounts_customuser_id FOREIGN KEY (user_id) REFERENCES public.accounts_customuser(id) DEFERRABLE INITIALLY DEFERRED;


--
-- Name: accounts_profilesocialmedia accounts_profilesoci_profile_id_e4f27e3d_fk_accounts_; Type: FK CONSTRAINT; Schema: public; Owner: cotripperuser
--

ALTER TABLE ONLY public.accounts_profilesocialmedia
    ADD CONSTRAINT accounts_profilesoci_profile_id_e4f27e3d_fk_accounts_ FOREIGN KEY (profile_id) REFERENCES public.accounts_profile(user_id) DEFERRABLE INITIALLY DEFERRED;


--
-- Name: accounts_profilesocialmedia accounts_profilesoci_social_media_type_id_4b9ea997_fk_accounts_; Type: FK CONSTRAINT; Schema: public; Owner: cotripperuser
--

ALTER TABLE ONLY public.accounts_profilesocialmedia
    ADD CONSTRAINT accounts_profilesoci_social_media_type_id_4b9ea997_fk_accounts_ FOREIGN KEY (social_media_type_id) REFERENCES public.accounts_socialmediatype(id) DEFERRABLE INITIALLY DEFERRED;


--
-- Name: auth_group_permissions auth_group_permissio_permission_id_84c5c92e_fk_auth_perm; Type: FK CONSTRAINT; Schema: public; Owner: cotripperuser
--

ALTER TABLE ONLY public.auth_group_permissions
    ADD CONSTRAINT auth_group_permissio_permission_id_84c5c92e_fk_auth_perm FOREIGN KEY (permission_id) REFERENCES public.auth_permission(id) DEFERRABLE INITIALLY DEFERRED;


--
-- Name: auth_group_permissions auth_group_permissions_group_id_b120cbf9_fk_auth_group_id; Type: FK CONSTRAINT; Schema: public; Owner: cotripperuser
--

ALTER TABLE ONLY public.auth_group_permissions
    ADD CONSTRAINT auth_group_permissions_group_id_b120cbf9_fk_auth_group_id FOREIGN KEY (group_id) REFERENCES public.auth_group(id) DEFERRABLE INITIALLY DEFERRED;


--
-- Name: auth_permission auth_permission_content_type_id_2f476e4b_fk_django_co; Type: FK CONSTRAINT; Schema: public; Owner: cotripperuser
--

ALTER TABLE ONLY public.auth_permission
    ADD CONSTRAINT auth_permission_content_type_id_2f476e4b_fk_django_co FOREIGN KEY (content_type_id) REFERENCES public.django_content_type(id) DEFERRABLE INITIALLY DEFERRED;


--
-- Name: community_event community_event_group_id_fc3a5e63_fk_community_group_id; Type: FK CONSTRAINT; Schema: public; Owner: cotripperuser
--

ALTER TABLE ONLY public.community_event
    ADD CONSTRAINT community_event_group_id_fc3a5e63_fk_community_group_id FOREIGN KEY (group_id) REFERENCES public.community_group(id) DEFERRABLE INITIALLY DEFERRED;


--
-- Name: community_event community_event_location_id_9b6d8ec7_fk_trip_location_id; Type: FK CONSTRAINT; Schema: public; Owner: cotripperuser
--

ALTER TABLE ONLY public.community_event
    ADD CONSTRAINT community_event_location_id_9b6d8ec7_fk_trip_location_id FOREIGN KEY (location_id) REFERENCES public.trip_location(id) DEFERRABLE INITIALLY DEFERRED;


--
-- Name: community_media community_media_author_id_6990d247_fk_accounts_profile_user_id; Type: FK CONSTRAINT; Schema: public; Owner: cotripperuser
--

ALTER TABLE ONLY public.community_media
    ADD CONSTRAINT community_media_author_id_6990d247_fk_accounts_profile_user_id FOREIGN KEY (author_id) REFERENCES public.accounts_profile(user_id) DEFERRABLE INITIALLY DEFERRED;


--
-- Name: community_media community_media_group_id_36f1e775_fk_community_group_id; Type: FK CONSTRAINT; Schema: public; Owner: cotripperuser
--

ALTER TABLE ONLY public.community_media
    ADD CONSTRAINT community_media_group_id_36f1e775_fk_community_group_id FOREIGN KEY (group_id) REFERENCES public.community_group(id) DEFERRABLE INITIALLY DEFERRED;


--
-- Name: community_media community_media_hashtag_id_af71c4fa_fk_community_hashtag_id; Type: FK CONSTRAINT; Schema: public; Owner: cotripperuser
--

ALTER TABLE ONLY public.community_media
    ADD CONSTRAINT community_media_hashtag_id_af71c4fa_fk_community_hashtag_id FOREIGN KEY (hashtag_id) REFERENCES public.community_hashtag(id) DEFERRABLE INITIALLY DEFERRED;


--
-- Name: community_media_topics community_media_topics_media_id_7b1171f9_fk_community_media_id; Type: FK CONSTRAINT; Schema: public; Owner: cotripperuser
--

ALTER TABLE ONLY public.community_media_topics
    ADD CONSTRAINT community_media_topics_media_id_7b1171f9_fk_community_media_id FOREIGN KEY (media_id) REFERENCES public.community_media(id) DEFERRABLE INITIALLY DEFERRED;


--
-- Name: community_media_topics community_media_topics_topic_id_28c44ff9_fk_community_topic_id; Type: FK CONSTRAINT; Schema: public; Owner: cotripperuser
--

ALTER TABLE ONLY public.community_media_topics
    ADD CONSTRAINT community_media_topics_topic_id_28c44ff9_fk_community_topic_id FOREIGN KEY (topic_id) REFERENCES public.community_topic(id) DEFERRABLE INITIALLY DEFERRED;


--
-- Name: django_admin_log django_admin_log_content_type_id_c4bce8eb_fk_django_co; Type: FK CONSTRAINT; Schema: public; Owner: cotripperuser
--

ALTER TABLE ONLY public.django_admin_log
    ADD CONSTRAINT django_admin_log_content_type_id_c4bce8eb_fk_django_co FOREIGN KEY (content_type_id) REFERENCES public.django_content_type(id) DEFERRABLE INITIALLY DEFERRED;


--
-- Name: django_admin_log django_admin_log_user_id_c564eba6_fk_accounts_customuser_id; Type: FK CONSTRAINT; Schema: public; Owner: cotripperuser
--

ALTER TABLE ONLY public.django_admin_log
    ADD CONSTRAINT django_admin_log_user_id_c564eba6_fk_accounts_customuser_id FOREIGN KEY (user_id) REFERENCES public.accounts_customuser(id) DEFERRABLE INITIALLY DEFERRED;


--
-- Name: forum_post forum_post_author_id_609b7963_fk_accounts_profile_user_id; Type: FK CONSTRAINT; Schema: public; Owner: cotripperuser
--

ALTER TABLE ONLY public.forum_post
    ADD CONSTRAINT forum_post_author_id_609b7963_fk_accounts_profile_user_id FOREIGN KEY (author_id) REFERENCES public.accounts_profile(user_id) DEFERRABLE INITIALLY DEFERRED;


--
-- Name: forum_post_parent forum_post_parent_from_post_id_858022d8_fk_forum_post_id; Type: FK CONSTRAINT; Schema: public; Owner: cotripperuser
--

ALTER TABLE ONLY public.forum_post_parent
    ADD CONSTRAINT forum_post_parent_from_post_id_858022d8_fk_forum_post_id FOREIGN KEY (from_post_id) REFERENCES public.forum_post(id) DEFERRABLE INITIALLY DEFERRED;


--
-- Name: forum_post_parent forum_post_parent_to_post_id_03561107_fk_forum_post_id; Type: FK CONSTRAINT; Schema: public; Owner: cotripperuser
--

ALTER TABLE ONLY public.forum_post_parent
    ADD CONSTRAINT forum_post_parent_to_post_id_03561107_fk_forum_post_id FOREIGN KEY (to_post_id) REFERENCES public.forum_post(id) DEFERRABLE INITIALLY DEFERRED;


--
-- Name: knox_authtoken knox_authtoken_user_id_e5a5d899_fk_accounts_customuser_id; Type: FK CONSTRAINT; Schema: public; Owner: cotripperuser
--

ALTER TABLE ONLY public.knox_authtoken
    ADD CONSTRAINT knox_authtoken_user_id_e5a5d899_fk_accounts_customuser_id FOREIGN KEY (user_id) REFERENCES public.accounts_customuser(id) DEFERRABLE INITIALLY DEFERRED;


--
-- Name: trip_activity trip_activity_location_id_ae0c002c_fk_trip_location_id; Type: FK CONSTRAINT; Schema: public; Owner: cotripperuser
--

ALTER TABLE ONLY public.trip_activity
    ADD CONSTRAINT trip_activity_location_id_ae0c002c_fk_trip_location_id FOREIGN KEY (location_id) REFERENCES public.trip_location(id) DEFERRABLE INITIALLY DEFERRED;


--
-- Name: trip_location trip_location_country_id_11d501ab_fk_trip_country_id; Type: FK CONSTRAINT; Schema: public; Owner: cotripperuser
--

ALTER TABLE ONLY public.trip_location
    ADD CONSTRAINT trip_location_country_id_11d501ab_fk_trip_country_id FOREIGN KEY (country_id) REFERENCES public.trip_country(id) DEFERRABLE INITIALLY DEFERRED;


--
-- Name: trip_location trip_location_state_id_a6fd0c7c_fk_trip_state_id; Type: FK CONSTRAINT; Schema: public; Owner: cotripperuser
--

ALTER TABLE ONLY public.trip_location
    ADD CONSTRAINT trip_location_state_id_a6fd0c7c_fk_trip_state_id FOREIGN KEY (state_id) REFERENCES public.trip_state(id) DEFERRABLE INITIALLY DEFERRED;


--
-- Name: trip_state trip_state_country_id_9716ffd3_fk_trip_country_id; Type: FK CONSTRAINT; Schema: public; Owner: cotripperuser
--

ALTER TABLE ONLY public.trip_state
    ADD CONSTRAINT trip_state_country_id_9716ffd3_fk_trip_country_id FOREIGN KEY (country_id) REFERENCES public.trip_country(id) DEFERRABLE INITIALLY DEFERRED;


--
-- Name: trip_trip_activities trip_trip_activities_activity_id_9105beaa_fk_trip_activity_id; Type: FK CONSTRAINT; Schema: public; Owner: cotripperuser
--

ALTER TABLE ONLY public.trip_trip_activities
    ADD CONSTRAINT trip_trip_activities_activity_id_9105beaa_fk_trip_activity_id FOREIGN KEY (activity_id) REFERENCES public.trip_activity(id) DEFERRABLE INITIALLY DEFERRED;


--
-- Name: trip_trip_activities trip_trip_activities_trip_id_2623241b_fk_trip_trip_id; Type: FK CONSTRAINT; Schema: public; Owner: cotripperuser
--

ALTER TABLE ONLY public.trip_trip_activities
    ADD CONSTRAINT trip_trip_activities_trip_id_2623241b_fk_trip_trip_id FOREIGN KEY (trip_id) REFERENCES public.trip_trip(id) DEFERRABLE INITIALLY DEFERRED;


--
-- Name: trip_trip_locations trip_trip_locations_location_id_7b3b789c_fk_trip_location_id; Type: FK CONSTRAINT; Schema: public; Owner: cotripperuser
--

ALTER TABLE ONLY public.trip_trip_locations
    ADD CONSTRAINT trip_trip_locations_location_id_7b3b789c_fk_trip_location_id FOREIGN KEY (location_id) REFERENCES public.trip_location(id) DEFERRABLE INITIALLY DEFERRED;


--
-- Name: trip_trip_locations trip_trip_locations_trip_id_1ead159d_fk_trip_trip_id; Type: FK CONSTRAINT; Schema: public; Owner: cotripperuser
--

ALTER TABLE ONLY public.trip_trip_locations
    ADD CONSTRAINT trip_trip_locations_trip_id_1ead159d_fk_trip_trip_id FOREIGN KEY (trip_id) REFERENCES public.trip_trip(id) DEFERRABLE INITIALLY DEFERRED;


--
-- PostgreSQL database dump complete
--

